Lote,Individuo,AE,LE,AT,LT,AA,LA,NV,Morfotipo,Labio,cox1-lsu
96,1,6.08,2.23,14.03,10.49,8.09,6.96,5.28,LU,1,AA
96,7,6.07,2.24,13.88,10.49,8.28,7.03,5.29,LU,1,
96,8,6.02,2.22,14,10.33,8.11,7.05,5.31,LU,1,
96,9,6.16,2.23,13.85,10.41,8.17,6.97,5.33,LU,1,
96,2,5.63,1.47,11.63,8.3,6.38,5.86,4.97,LU,1,HG
96,10,5.77,1.45,11.67,8.43,6.42,5.84,4.98,LU,1,
96,11,5.74,1.43,11.65,8.47,6.55,5.86,5.03,LU,1,
96,12,5.61,1.47,11.55,8.32,6.47,5.83,4.99,LU,1,
96,5,6.14,1.77,13.77,9.95,8.22,6.1,5.11,LU,1,
96,13,6.15,1.8,13.69,9.97,8.13,6.11,5.1,LU,1,
96,14,6.11,1.83,13.58,10.07,8.2,6.07,5.1,LU,1,
96,15,6.08,1.8,13.88,9.89,8.14,6.04,5.14,LU,1,
96,6,6.6,2.2,11.8,9.27,6.56,4.95,5.44,LU,0,
96,16,6.48,2.2,11.77,9.24,6.59,4.97,5.46,LU,0,
96,17,6.58,2.16,11.55,9.22,6.74,4.88,5.47,LU,0,
96,18,6.56,2.17,11.81,9.1,6.58,4.98,5.47,LU,0,
99,1,6.01,1.56,12.5,9.05,7,6.63,5.16,LU,1,HG
99,1,5.95,1.55,12.54,9.01,6.89,6.62,5.15,LU,1,
99,1,6.08,1.58,12.53,9.14,6.91,6.62,5.18,LU,1,
99,1,6.07,1.57,12.54,9.12,6.82,6.6,5.16,LU,1,
99,2,6.19,1.6,12.38,8.64,6.56,6.13,5.18,LU,1,HG
99,2,6.13,1.64,12.25,8.71,6.6,6.15,5.21,LU,1,
99,2,6.14,1.63,12.38,8.67,6.52,6.17,5.2,LU,1,
99,2,6.19,1.64,12.42,8.68,6.62,6.18,5.18,LU,1,
99,3,6.4,2.03,13.01,9.56,6.95,6.49,5.27,LU,1,HG
99,3,6.48,2.06,12.95,9.68,6.93,6.48,5.25,LU,1,
99,3,6.42,2.06,12.99,9.49,6.91,6.5,5.24,LU,1,
99,3,6.54,2.07,12.84,9.51,7.02,6.46,5.25,LU,1,
99,19,6.83,2.12,13.75,10.43,8.15,6.06,5.2,LU,0,
99,28,6.85,2.11,13.74,10.49,8.13,6.08,5.21,LU,0,
99,29,6.97,2.1,13.74,10.4,8.33,6.07,5.24,LU,0,
99,30,6.84,2.09,13.77,10.38,8.19,6.08,5.23,LU,0,
99,20,6.43,1.91,12.51,9.57,6.23,5.82,5.3,LU,0,
99,31,6.46,1.94,12.4,9.53,6.23,5.77,5.27,LU,0,
99,32,6.56,1.9,12.41,9.46,6.31,5.77,5.3,LU,0,
99,33,6.46,1.92,12.38,9.44,6.36,5.78,5.28,LU,0,
99,21,6.01,1.76,12.71,9.14,7.61,5.67,5.21,LU,1,
99,34,6.01,1.75,12.72,9.21,7.57,5.75,5.21,LU,1,
99,35,6.03,1.71,12.64,9.37,7.51,5.73,5.2,LU,1,
99,36,6.16,1.77,12.75,9.27,7.67,5.72,5.23,LU,1,
99,22,6.57,1.91,12.97,9.73,7.5,5.73,5.28,LU,1,
99,37,6.43,1.91,12.83,9.74,7.69,5.71,5.28,LU,1,
99,38,6.57,1.92,12.89,9.86,7.56,5.65,5.29,LU,1,
99,39,6.56,1.91,12.9,9.72,7.57,5.71,5.28,LU,1,
99,23,5.45,1.49,12.14,8.84,7.13,5.54,5.16,LU,1,
99,40,5.49,1.5,12.11,8.79,7.14,5.54,5.12,LU,1,
99,41,5.44,1.5,12.21,8.69,7.16,5.59,5.14,LU,1,
99,42,5.49,1.51,12.21,8.74,7.18,5.54,5.11,LU,1,
99,24,6.26,1.88,11.87,9.16,6.71,5.47,5.32,LU,0,
99,43,6.31,1.88,11.83,9.2,6.81,5.48,5.35,LU,0,
99,44,6.24,1.87,11.76,9.11,6.7,5.47,5.32,LU,0,
99,45,6.23,1.92,11.99,9.22,6.73,5.51,5.34,LU,0,
99,25,6.29,1.75,11.99,8.9,7.17,5.33,5.3,LU,1,
99,46,6.34,1.77,12.24,8.84,7.07,5.3,5.26,LU,1,
99,47,6.22,1.71,12.06,8.88,7.01,5.27,5.29,LU,1,
99,48,6.33,1.71,12.03,9.03,7.14,5.27,5.28,LU,1,
99,26,6.26,2.36,11.47,9.18,6.66,4.84,5.3,LU,1,
99,49,6.28,2.35,11.34,9.01,6.71,4.77,5.31,LU,1,
99,50,6.27,2.34,11.25,9.22,6.75,4.81,5.3,LU,1,
99,51,6.25,2.34,11.18,9.02,6.73,4.77,5.32,LU,1,
99,27,5.92,1.88,11.43,8.73,6.6,5.19,5.21,LU,0,
99,52,5.84,1.86,11.39,8.66,6.43,5.17,5.21,LU,0,
99,53,6.01,1.87,11.37,8.64,6.47,5.17,5.17,LU,0,
99,54,5.93,1.86,11.32,8.68,6.58,5.21,5.2,LU,0,
101,1,6.61,2.14,12.99,9.99,7.14,5.99,5.24,LU,0,
101,32,6.66,2.14,12.69,10.19,7.24,6.07,5.2,LU,0,
101,33,6.67,2.1,12.94,9.99,7.14,6.06,5.22,LU,0,
101,34,6.57,2.13,12.79,10.02,7.17,6,5.2,LU,0,
101,2,6.07,1.48,13.08,9.19,7.22,6.06,4.9,LU,1,
101,35,6.09,1.53,13.05,8.98,7.18,6.19,4.86,LU,1,
101,36,6.07,1.5,12.99,9.12,7.33,6.13,4.87,LU,1,
101,37,6.11,1.49,13.07,9.04,7.27,6.12,4.9,LU,1,
101,3,4.79,1.45,10.33,8.06,6.26,5.09,4.86,LB,0,
101,38,4.88,1.43,10.2,8.15,6.24,5.15,4.86,LB,0,
101,39,4.89,1.42,10.3,8.12,6.31,5.14,4.84,LB,0,
101,40,4.88,1.42,10.31,8.02,6.34,5.12,4.85,LB,0,
101,4,6.24,1.7,12.39,9.67,7.12,6.28,5.13,LU,0,
101,41,6.23,1.69,12.5,9.54,7.1,6.37,5.1,LU,0,
101,42,6.3,1.7,12.4,9.6,7.01,6.37,5.16,LU,0,
101,43,6.37,1.73,12.44,9.5,7.15,6.25,5.16,LU,0,
101,5,6.59,2.1,12.82,9.83,7.27,5.24,5.32,LU,1,
101,44,6.55,2.08,12.86,9.73,7.27,5.26,5.36,LU,1,
101,45,6.52,2.1,12.84,9.81,7.33,5.27,5.34,LU,1,
101,46,6.57,2.09,12.74,9.81,7.23,5.35,5.34,LU,1,
101,6,4.56,1.08,10.3,7.72,5.87,5.3,4.72,LU,0,
101,47,4.63,1.07,10.59,7.55,6,5.31,4.69,LU,0,
101,48,4.64,1.04,10.34,7.62,5.87,5.34,4.67,LU,0,
101,49,4.62,1.04,10.34,7.7,5.93,5.35,4.68,LU,0,
101,7,6.91,2.34,14.14,10.61,8.32,5.99,5.33,LU,1,
101,50,7.01,2.36,14.3,10.65,8.38,5.93,5.35,LU,1,
101,51,6.9,2.36,14.37,10.54,8.42,5.92,5.3,LU,1,
101,52,6.91,2.36,14.32,10.58,8.4,5.95,5.33,LU,1,
101,8,6.8,1.93,13.82,10.2,7.81,5.99,5.37,LU,1,
101,53,6.7,1.92,13.98,10.13,7.77,5.99,5.41,LU,1,
101,54,6.74,1.93,14.14,10.18,7.75,5.96,5.41,LU,1,
101,55,6.85,1.91,14.13,10.2,7.78,5.93,5.37,LU,1,
101,9,7.12,2.22,13.4,10.88,7.91,5.92,5.29,LU,1,
101,56,6.99,2.26,13.46,10.98,7.9,5.98,5.34,LU,1,
101,57,7.15,2.24,13.66,10.94,7.89,5.91,5.28,LU,1,
101,58,6.99,2.27,13.67,10.91,7.87,5.98,5.29,LU,1,
101,10,6.27,2.1,12.85,9.15,7.49,4.97,5.3,LU,1,
101,59,6.26,2.07,12.64,9.16,7.38,5.07,5.33,LU,1,
101,60,6.2,2.07,12.7,9.13,7.45,5,5.3,LU,1,
101,61,6.26,2.06,12.69,9.13,7.35,5.04,5.31,LU,1,
101,11,6.05,1.86,12.21,9.26,7.34,5.62,5.43,LU,0,
101,62,5.94,1.83,12.35,9.33,7.37,5.68,5.48,LU,0,
101,63,6.09,1.81,12.49,9.37,7.26,5.56,5.46,LU,0,
101,64,5.98,1.85,12.34,9.12,7.32,5.7,5.47,LU,0,
101,12,7.9,2.62,15.92,11.75,9,7.25,5.35,LU,0,
101,65,7.94,2.61,15.94,11.79,8.88,7.33,5.37,LU,0,
101,66,8.02,2.58,15.83,11.6,8.94,7.23,5.35,LU,0,
101,67,8,2.58,15.72,11.69,8.94,7.28,5.38,LU,0,
101,13,6.22,1.52,12.71,9.29,7.82,5.99,5.23,LU,1,
101,68,6.19,1.5,12.8,9.32,7.85,6.07,5.21,LU,1,
101,69,6.23,1.51,12.87,9.41,7.89,6.01,5.23,LU,1,
101,70,6.25,1.52,12.93,9.4,7.74,6.12,5.24,LU,1,
101,14,6.64,2.21,13.13,9.75,7.56,5.19,5.17,LU,1,
101,71,6.64,2.21,13.37,9.62,7.51,5.2,5.13,LU,1,
101,72,6.63,2.21,13.44,9.81,7.59,5.22,5.15,LU,1,
101,73,6.67,2.23,13.4,9.61,7.66,5.26,5.12,LU,1,
101,15,6.08,2.1,13.85,8.96,8.36,5.39,4.91,LU,1,
101,74,6.06,2.1,14.02,8.99,8.28,5.4,4.94,LU,1,
101,75,6.15,2.11,13.93,9.09,8.4,5.43,4.95,LU,1,
101,76,6.09,2.11,13.96,9.03,8.31,5.32,4.95,LU,1,
101,16,5.47,1.5,11.54,8.58,6.52,5.86,4.73,LU,0,
101,77,5.39,1.5,11.62,8.63,6.44,5.88,4.77,LU,0,
101,78,5.35,1.5,11.48,8.76,6.46,5.96,4.74,LU,0,
101,79,5.48,1.52,11.5,8.78,6.5,5.96,4.77,LU,0,
101,17,5.69,1.74,12.12,9.39,7.31,6.16,4.73,LU,0,
101,80,5.7,1.73,12.35,9.35,7.36,6.15,4.73,LU,0,
101,81,5.81,1.74,12.18,9.2,7.43,6.18,4.72,LU,0,
101,82,5.81,1.74,12.24,9.29,7.28,6.25,4.7,LU,0,
101,18,4.58,1.17,10.44,7.74,6.17,5.23,4.6,LU,0,
101,83,4.55,1.21,10.13,7.7,6.24,5.21,4.56,LU,0,
101,84,4.68,1.19,10.27,7.63,6.15,5.26,4.6,LU,0,
101,85,4.64,1.2,10.14,7.66,6.23,5.31,4.61,LU,0,
101,19,4.74,1.4,9.91,7.26,5.62,4.66,4.9,LU,0,
101,86,4.7,1.37,10.09,7.23,5.49,4.64,4.86,LU,0,
101,87,4.7,1.41,10.23,7.2,5.67,4.68,4.9,LU,0,
101,88,4.58,1.42,9.93,7.3,5.66,4.67,4.88,LU,0,
101,20,5.2,1.4,11.35,7.92,6.32,5.45,4.69,LU,0,
101,89,5.23,1.38,11.51,7.92,6.46,5.49,4.68,LU,0,
101,90,5.29,1.38,11.28,7.91,6.34,5.44,4.71,LU,0,
101,91,5.13,1.41,11.28,8.04,6.42,5.55,4.68,LU,0,
101,21,5.52,1.86,12.19,8.91,6.81,5.71,4.81,LU,0,
101,92,5.44,1.84,12.23,8.9,6.82,5.79,4.84,LU,0,
101,93,5.52,1.85,12.23,8.81,6.83,5.73,4.83,LU,0,
101,94,5.48,1.83,12.26,8.93,6.84,5.77,4.81,LU,0,
101,22,5.08,1.49,11.23,7.95,6.02,5.53,4.55,LU,0,
101,95,4.97,1.47,11.48,8.04,5.96,5.48,4.56,LU,0,
101,96,4.98,1.5,11.43,8.09,6.1,5.43,4.52,LU,0,
101,97,5.06,1.47,11.48,7.98,6.09,5.41,4.55,LU,0,
101,23,5.13,1.43,11.6,8.18,6.65,5.67,4.71,LU,0,
101,98,5.23,1.43,11.69,8.13,6.65,5.65,4.74,LU,0,
101,99,5.22,1.46,11.72,8.33,6.72,5.57,4.71,LU,0,
101,100,5.17,1.45,11.82,8.31,6.61,5.67,4.69,LU,0,
101,24,4.69,1.19,10.89,7.67,6.14,5.35,4.72,LU,0,
101,101,4.65,1.22,10.95,7.65,6.28,5.3,4.7,LU,0,
101,102,4.7,1.21,10.94,7.53,6.08,5.37,4.75,LU,0,
101,103,4.68,1.19,10.88,7.61,6.09,5.3,4.72,LU,0,
101,25,4.18,1.3,9.49,7.37,5.68,4.74,5.04,LU,0,
101,104,4.23,1.29,9.3,7.37,5.8,4.73,5.07,LU,0,
101,105,4.19,1.29,9.22,7.28,5.59,4.83,5.08,LU,0,
101,106,4.31,1.27,9.45,7.36,5.76,4.83,5.04,LU,0,
101,26,4.83,1.55,10.23,7.61,5.67,4.87,5.11,LU,0,
101,107,4.79,1.54,10.35,7.84,5.73,4.85,5.09,LU,0,
101,108,4.82,1.52,10.39,7.76,5.51,4.87,5.09,LU,0,
101,109,4.86,1.54,10.26,7.66,5.64,4.96,5.09,LU,0,
101,27,5.37,1.71,10.97,9.09,6.99,5.69,5.24,LU,0,
101,110,5.44,1.71,10.76,9.16,7.15,5.66,5.23,LU,0,
101,111,5.3,1.72,10.77,9.13,7.15,5.66,5.26,LU,0,
101,112,5.3,1.76,10.65,9.16,7.09,5.63,5.22,LU,0,
101,28,4.01,1.17,9.25,6.72,5.34,4.58,4.27,LU,0,
101,113,4.03,1.14,9.1,6.58,5.31,4.53,4.31,LU,0,
101,114,4.09,1.15,9.02,6.73,5.46,4.55,4.28,LU,0,
101,115,4.11,1.14,9.02,6.76,5.53,4.58,4.31,LU,0,
101,29,3.9,1.24,9.07,6.83,5.4,4.43,4.63,LU,0,
101,116,3.9,1.2,8.98,6.73,5.3,4.52,4.64,LU,0,
101,117,3.94,1.18,9.03,6.82,5.39,4.51,4.64,LU,0,
101,118,3.92,1.24,9.08,6.81,5.42,4.42,4.64,LU,0,
101,30,4.1,1.25,9.28,6.66,5.15,4.49,4.37,LU,0,
101,119,4.03,1.29,9.37,6.7,5.15,4.42,4.36,LU,0,
101,120,4.13,1.25,9.17,6.57,5.26,4.51,4.35,LU,0,
101,121,4.17,1.28,9.04,6.62,5.17,4.47,4.33,LU,0,
101,31,3.32,0.9,8.02,6.21,5.64,4.27,4.05,LU,0,
101,122,3.42,0.87,8.15,6.17,5.51,4.31,4.04,LU,0,
101,123,3.44,0.87,8.1,6.18,5.48,4.28,4.07,LU,0,
101,124,3.32,0.91,8.05,6.33,5.46,4.21,4.03,LU,0,
102,2,5.77,1.61,12.44,8.95,7.35,5.49,4.81,LU,1,AA
102,2,5.81,1.59,12.49,8.89,7.46,5.37,4.82,LU,1,
102,2,5.72,1.63,12.27,8.87,7.35,5.37,4.78,LU,1,
102,2,5.79,1.59,12.57,8.79,7.46,5.45,4.78,LU,1,
102,3,6.78,2.21,13.97,10.61,8.53,7.18,5.32,LU,1,AA
102,7,6.81,2.22,14.02,10.72,8.6,7.24,5.33,LU,1,
102,8,6.76,2.26,14.06,10.77,8.53,7.19,5.35,LU,1,
102,9,6.79,2.27,13.82,10.71,8.65,7.24,5.33,LU,1,
102,6,6.44,1.64,11.54,9.18,5.79,5.49,5.18,LU,1,AA
102,10,6.3,1.61,11.37,9.17,5.83,5.49,5.14,LU,1,
102,11,6.28,1.6,11.5,9.19,5.75,5.51,5.12,LU,1,
102,12,6.3,1.63,11.46,9.15,5.8,5.43,5.18,LU,1,
117,1,7.05,1.73,15.05,10.54,9.03,6.66,5.28,LU,1,
117,2,7.09,1.72,15.17,10.58,8.86,6.67,5.24,LU,1,
117,3,7.01,1.75,14.92,10.48,9.03,6.71,5.25,LU,1,
117,4,7.02,1.7,15.18,10.51,8.88,6.64,5.28,LU,1,
122,3,6.27,1.82,13.53,9.63,7.99,5.63,5.26,LU,1,AA
122,97,6.33,1.85,13.57,9.78,7.91,5.55,5.23,LU,1,
122,98,6.34,1.86,13.46,9.59,7.9,5.63,5.24,LU,1,
122,99,6.32,1.82,13.48,9.55,7.93,5.62,5.22,LU,1,
122,4,6.08,1.73,13.39,9.74,7.49,6.31,5.03,LU,1,AA
122,100,6.05,1.73,13.57,9.57,7.37,6.36,4.97,LU,1,
122,101,6.1,1.75,13.58,9.61,7.33,6.38,5.02,LU,1,
122,102,6.12,1.72,13.51,9.63,7.43,6.27,5.01,LU,1,
122,5,6.19,1.8,13.64,9.01,7.01,4.63,5.11,LU,1,AA
122,103,6.19,1.77,13.53,8.99,7.1,4.63,5.08,LU,1,
122,104,6.26,1.8,13.54,8.91,7.06,4.65,5.1,LU,1,
122,105,6.1,1.76,13.69,9.08,7.1,4.66,5.13,LU,1,
122,6,6.09,1.37,13.24,8.81,7.41,7.04,4.96,LU,1,AA
122,106,5.93,1.34,13.25,8.86,7.44,6.93,4.93,LU,1,
122,107,6.03,1.37,13.21,8.77,7.27,7.01,4.96,LU,1,
122,108,5.97,1.34,13.16,8.72,7.35,7,4.98,LU,1,
122,7,5.95,1.5,11.54,9.07,6.69,6.14,5.05,LU,0,AA
122,109,6.01,1.44,11.62,8.98,6.79,6.2,5.07,LU,0,
122,110,5.87,1.46,11.55,9.11,6.84,6.26,5.04,LU,0,
122,111,5.97,1.46,11.76,9.02,6.77,6.21,5.04,LU,0,
122,8,5.84,1.88,11.95,9.61,6.96,5.96,5.11,LU,0,
122,112,5.85,1.88,11.97,9.58,6.87,5.96,5.11,LU,0,
122,113,5.89,1.87,12.19,9.51,7,5.93,5.13,LU,0,
122,114,5.89,1.82,12.23,9.53,6.92,5.99,5.11,LU,0,
122,9,6.68,2.1,14,10.99,8.69,6.67,5.37,LU,1,
122,115,6.7,2.08,13.93,11.15,8.73,6.59,5.38,LU,1,
122,116,6.78,2.05,13.89,11.16,8.68,6.6,5.4,LU,1,
122,117,6.66,2.11,13.99,11.01,8.87,6.59,5.42,LU,1,
122,10,6.85,2.06,15.31,11.07,8.97,6.75,5.3,LU,1,
122,118,6.9,2.07,15.08,10.86,9,6.79,5.27,LU,1,
122,119,6.83,2.08,15.33,10.95,8.89,6.79,5.29,LU,1,
122,120,6.82,2.05,15.1,10.93,8.94,6.83,5.26,LU,1,
122,11,7.51,2.22,15.47,11.31,8.87,6.56,5.37,LU,0,
122,121,7.62,2.22,15.43,11.08,8.92,6.58,5.35,LU,0,
122,122,7.58,2.24,15.33,11.27,8.97,6.63,5.33,LU,0,
122,123,7.48,2.21,15.37,11.14,9.02,6.67,5.38,LU,0,
122,12,7.48,2.06,15.37,11.65,9.18,7.29,5.24,LU,1,
122,124,7.49,2.07,15.42,11.57,9.21,7.2,5.26,LU,1,
122,125,7.52,2.06,15.39,11.53,9.14,7.2,5.25,LU,1,
122,126,7.39,2.03,15.15,11.66,9.09,7.18,5.25,LU,1,
122,13,8.15,2.11,16.43,11.94,9.73,7.08,5.4,LU,1,
122,127,8.15,2.15,16.42,12.03,9.75,7.09,5.43,LU,1,
122,128,8.1,2.14,16.23,11.92,9.74,7.11,5.42,LU,1,
122,129,8.24,2.14,16.23,11.9,9.81,7.01,5.4,LU,1,
122,14,7.73,2.43,14.66,11.45,8.31,6.53,5.45,LU,0,
122,130,7.7,2.41,14.85,11.33,8.32,6.44,5.43,LU,0,
122,131,7.73,2.44,14.85,11.36,8.44,6.48,5.42,LU,0,
122,132,7.81,2.45,14.59,11.37,8.28,6.43,5.44,LU,0,
122,15,6.7,1.86,13.83,10.7,8.1,6.82,4.92,LU,0,
122,133,6.84,1.85,13.65,10.9,8.21,6.77,4.92,LU,0,
122,134,6.74,1.83,13.64,10.7,8.11,6.85,4.92,LU,0,
122,135,6.78,1.84,13.74,10.77,8.18,6.8,4.94,LU,0,
122,16,7.42,2.24,15.64,11.39,8.69,6.62,5.56,LU,1,
122,136,7.52,2.21,15.38,11.29,8.67,6.67,5.56,LU,1,
122,137,7.44,2.25,15.5,11.3,8.7,6.68,5.55,LU,1,
122,138,7.52,2.21,15.37,11.34,8.6,6.61,5.55,LU,1,
122,17,7.6,2.09,15.45,11.56,8.86,6.77,5.45,LU,1,
122,139,7.64,2.09,15.33,11.62,8.92,6.87,5.46,LU,1,
122,140,7.54,2.11,15.56,11.66,9.05,6.84,5.45,LU,1,
122,141,7.54,2.14,15.34,11.51,8.88,6.8,5.44,LU,1,
122,18,6.87,1.95,16,11.12,8.9,7.32,4.95,LU,1,
122,142,6.88,1.95,16.05,11.14,8.94,7.34,4.96,LU,1,
122,143,6.9,1.99,16.23,11.1,8.99,7.31,5,LU,1,
122,144,6.92,2,16.09,11.1,8.94,7.31,4.98,LU,1,
122,19,7.54,1.99,15.97,11.82,9.77,7.28,5.47,LU,1,
122,145,7.59,1.96,16.07,11.88,9.71,7.34,5.49,LU,1,
122,146,7.45,1.96,15.94,12.03,9.72,7.27,5.51,LU,1,
122,147,7.61,2.01,16,11.91,9.75,7.33,5.47,LU,1,
122,20,7.22,1.8,14.56,10.94,8.67,6.77,5.14,LU,1,
122,148,7.15,1.81,14.47,11.03,8.65,6.7,5.13,LU,1,
122,149,7.28,1.79,14.54,11.04,8.53,6.8,5.14,LU,1,
122,150,7.16,1.77,14.39,11.04,8.62,6.78,5.12,LU,1,
122,21,6.85,1.93,14.09,10.46,8.71,6.32,5.43,LU,1,
122,151,6.79,1.91,14.05,10.26,8.74,6.42,5.46,LU,1,
122,152,6.93,1.92,14.28,10.31,8.77,6.39,5.4,LU,1,
122,153,6.93,1.95,14.19,10.32,8.68,6.42,5.45,LU,1,
122,22,6.71,2.03,14.46,9.83,8.35,5.94,5.36,LU,1,
122,154,6.82,2.05,14.59,9.76,8.41,5.82,5.38,LU,1,
122,155,6.82,2.03,14.4,9.88,8.33,5.82,5.35,LU,1,
122,156,6.87,2.04,14.6,9.85,8.43,5.93,5.34,LU,1,
122,23,7.26,1.95,15.36,11.5,9.34,7.11,5.37,LU,1,
122,157,7.3,1.98,15.19,11.53,9.21,7.01,5.35,LU,1,
122,158,7.21,1.98,15.35,11.4,9.17,7.02,5.39,LU,1,
122,159,7.21,1.97,15.2,11.59,9.26,7.06,5.37,LU,1,
122,24,6.53,1.9,13.66,10.03,7.62,5.82,5.19,LU,1,
122,160,6.65,1.92,13.67,9.98,7.59,5.89,5.2,LU,1,
122,161,6.61,1.88,13.44,10.05,7.63,5.88,5.16,LU,1,
122,162,6.62,1.9,13.63,9.92,7.59,5.84,5.2,LU,1,
122,25,6.67,1.83,13.98,10.6,8.17,6.68,5.34,LU,1,
122,163,6.65,1.85,14.05,10.39,8.2,6.77,5.37,LU,1,
122,164,6.67,1.81,13.95,10.48,8.12,6.68,5.37,LU,1,
122,165,6.65,1.85,14.06,10.52,8.27,6.7,5.35,LU,1,
122,26,6.86,1.95,13.59,9.9,7.73,5.69,5.24,LU,1,
122,166,6.95,1.95,13.57,9.95,7.7,5.61,5.19,LU,1,
122,167,6.97,1.97,13.81,9.73,7.75,5.67,5.2,LU,1,
122,168,6.86,1.98,13.69,9.75,7.82,5.64,5.22,LU,1,
122,27,6.66,1.74,14,10.03,8.58,6.12,5.25,LU,1,
122,169,6.65,1.76,14.12,10.08,8.69,6.18,5.27,LU,1,
122,170,6.61,1.73,13.99,10.09,8.57,6.21,5.3,LU,1,
122,171,6.58,1.76,14.11,10,8.49,6.12,5.31,LU,1,
122,28,6.46,1.9,13.52,10.2,8.54,6.47,5.51,LU,1,
122,172,6.38,1.89,13.66,10.29,8.57,6.38,5.46,LU,1,
122,173,6.42,1.92,13.57,10.11,8.43,6.42,5.48,LU,1,
122,174,6.43,1.91,13.67,10.22,8.4,6.37,5.48,LU,1,
122,29,7.34,2.2,14.28,10.73,8.29,6.43,5.3,LU,0,
122,175,7.43,2.16,14.42,10.65,8.28,6.52,5.33,LU,0,
122,176,7.36,2.19,14.37,10.66,8.36,6.38,5.34,LU,0,
122,177,7.29,2.17,14.4,10.68,8.27,6.44,5.35,LU,0,
122,30,5.97,1.76,12.41,9.08,7.11,5.28,5.14,LU,1,
122,178,6.04,1.8,12.43,9.08,7.2,5.25,5.11,LU,1,
122,179,6.02,1.76,12.53,9.08,7.04,5.31,5.14,LU,1,
122,180,5.99,1.8,12.43,9.04,7.14,5.27,5.14,LU,1,
122,31,6.54,1.67,13.84,9.72,7.61,6.26,5.15,LU,0,
122,181,6.53,1.67,13.78,9.77,7.78,6.22,5.17,LU,0,
122,182,6.4,1.67,13.87,9.91,7.79,6.15,5.19,LU,0,
122,183,6.53,1.7,13.69,9.85,7.74,6.25,5.15,LU,0,
122,32,5.91,1.63,12.69,9.39,7.35,5.87,5.09,LU,1,
122,184,5.97,1.62,12.4,9.32,7.43,5.83,5.14,LU,1,
122,185,5.94,1.64,12.5,9.4,7.49,5.87,5.1,LU,1,
122,186,5.86,1.66,12.63,9.47,7.43,5.82,5.08,LU,1,
122,33,6.61,1.85,13.5,9.85,7.72,6.13,5.34,LU,0,
122,187,6.68,1.87,13.5,10.01,7.74,6.2,5.37,LU,0,
122,188,6.75,1.85,13.49,9.92,7.82,6.2,5.34,LU,0,
122,189,6.69,1.86,13.53,9.92,7.7,6.14,5.36,LU,0,
122,34,5.26,1.46,11.21,8.09,6.38,5.3,4.97,LU,0,
122,190,5.36,1.45,11.17,8.16,6.48,5.19,4.98,LU,0,
122,191,5.39,1.49,11.23,8.28,6.36,5.25,4.96,LU,0,
122,192,5.28,1.46,11.16,8.33,6.45,5.18,5.01,LU,0,
122,35,5.94,1.74,12.29,9.6,8.14,6.16,5.17,LU,0,
122,193,5.92,1.78,12.11,9.68,7.99,6.19,5.2,LU,0,
122,194,5.94,1.73,12.31,9.74,8.14,6.14,5.19,LU,0,
122,195,5.93,1.77,12.42,9.53,8.04,6.22,5.18,LU,0,
122,36,6.41,1.63,13.02,9.85,7.05,6.5,5.01,LU,0,
122,196,6.25,1.64,13.09,9.71,7.01,6.52,4.99,LU,0,
122,197,6.31,1.66,13.02,9.73,7.16,6.52,5.01,LU,0,
122,198,6.24,1.63,13.11,9.95,7.03,6.48,5.02,LU,0,
122,37,6.9,1.89,13.53,10.03,7.37,6.13,5.25,LU,0,
122,199,6.91,1.88,13.3,9.96,7.3,6.17,5.26,LU,0,
122,200,6.92,1.87,13.51,10.16,7.42,6.18,5.23,LU,0,
122,201,6.86,1.92,13.48,10.14,7.37,6.22,5.23,LU,0,
122,38,6.1,1.56,13.67,9.4,8.44,6.38,4.88,LU,1,
122,202,6.01,1.56,13.51,9.35,8.38,6.36,4.88,LU,1,
122,203,6.11,1.57,13.74,9.54,8.37,6.35,4.93,LU,1,
122,204,6.04,1.57,13.58,9.4,8.45,6.37,4.92,LU,1,
122,39,6.32,1.6,12.91,9.48,7.02,6.26,5.34,LU,0,
122,205,6.3,1.62,12.78,9.68,6.84,6.31,5.34,LU,0,
122,206,6.42,1.61,12.85,9.54,7.04,6.32,5.34,LU,0,
122,207,6.41,1.61,12.83,9.59,6.93,6.31,5.37,LU,0,
122,40,5.37,1.52,11.4,8.43,6.55,5.71,4.94,LU,0,
122,208,5.4,1.53,11.44,8.55,6.5,5.65,4.96,LU,0,
122,209,5.32,1.5,11.41,8.62,6.64,5.64,4.96,LU,0,
122,210,5.28,1.51,11.45,8.6,6.58,5.68,4.92,LU,0,
122,41,6.82,1.9,13.53,10.64,7.53,6.58,5.14,LU,0,
122,211,6.72,1.88,13.7,10.66,7.36,6.7,5.15,LU,0,
122,212,6.73,1.86,13.64,10.65,7.48,6.68,5.13,LU,0,
122,213,6.78,1.89,13.49,10.63,7.48,6.61,5.14,LU,0,
122,42,5.97,1.73,12.09,9.04,7.17,5.49,5.16,LU,1,
122,214,6.07,1.72,11.97,8.99,7.21,5.45,5.12,LU,1,
122,215,6.12,1.71,11.93,9.12,7.28,5.39,5.14,LU,1,
122,216,5.97,1.67,11.87,9.01,7.29,5.4,5.14,LU,1,
122,43,5.61,1.54,12.65,8.72,7.41,5.43,5.04,LU,1,
122,217,5.68,1.54,12.41,8.71,7.27,5.46,5.09,LU,1,
122,218,5.75,1.59,12.46,8.83,7.36,5.46,5.04,LU,1,
122,219,5.59,1.58,12.64,8.75,7.31,5.46,5.08,LU,1,
122,44,6.2,1.73,13.08,9.59,7.77,6.05,5.27,LU,1,
122,220,6.27,1.77,13.14,9.6,7.71,6.14,5.22,LU,1,
122,221,6.16,1.74,13.12,9.74,7.85,6.14,5.22,LU,1,
122,222,6.26,1.78,13.14,9.59,7.66,6.08,5.24,LU,1,
122,45,6.09,1.77,13.4,9.2,7.86,5.62,4.98,LU,1,
122,223,6.02,1.82,13.48,9.1,7.91,5.66,5.03,LU,1,
122,224,6.07,1.77,13.2,9.07,7.9,5.63,5,LU,1,
122,225,5.99,1.81,13.42,9.25,7.86,5.59,4.99,LU,1,
122,46,7.55,1.99,14.96,11.42,8.58,7.2,5.45,LU,0,
122,226,7.45,2,14.88,11.37,8.78,7.17,5.48,LU,0,
122,227,7.47,1.98,14.93,11.42,8.77,7.17,5.43,LU,0,
122,228,7.55,2,15.13,11.52,8.77,7.16,5.49,LU,0,
122,47,6.77,1.89,13.84,10.29,8.36,6.21,5.29,LU,1,
122,229,6.85,1.85,14.01,10.22,8.41,6.25,5.32,LU,1,
122,230,6.85,1.91,13.92,10.11,8.33,6.33,5.29,LU,1,
122,231,6.89,1.89,14.01,10.09,8.26,6.3,5.31,LU,1,
122,48,4.99,1.31,11.02,8.16,7.56,5.36,4.92,LU,1,
122,232,4.89,1.3,10.97,8.13,7.43,5.37,4.92,LU,1,
122,233,4.92,1.35,11.14,8.03,7.48,5.37,4.97,LU,1,
122,234,4.96,1.29,10.96,8.02,7.61,5.37,4.94,LU,1,
122,49,6.71,1.94,14.22,10.43,8.33,6.47,5.51,LU,1,
122,235,6.76,1.94,14.17,10.22,8.3,6.51,5.51,LU,1,
122,236,6.68,1.91,14.3,10.45,8.31,6.48,5.51,LU,1,
122,237,6.76,1.93,14.13,10.32,8.22,6.56,5.53,LU,1,
122,50,5.92,1.81,12.35,8.68,7.06,5.03,5.16,LU,1,
122,238,5.87,1.79,12.13,8.67,7.1,4.92,5.17,LU,1,
122,239,5.85,1.83,12.14,8.77,7.16,5,5.16,LU,1,
122,240,5.78,1.79,12.38,8.79,7.25,4.93,5.17,LU,1,
122,51,6.09,1.8,12.15,9.6,7.14,6.28,5.47,LU,0,
122,241,6.07,1.79,12.28,9.61,7.1,6.23,5.48,LU,0,
122,242,6.09,1.8,12.29,9.41,7.24,6.25,5.44,LU,0,
122,243,6.11,1.78,12.14,9.59,7.23,6.26,5.42,LU,0,
122,52,5.65,1.43,12.38,8.84,7.29,5.91,4.01,LU,0,
122,244,5.66,1.44,12.17,8.83,7.24,5.9,4,LU,0,
122,245,5.58,1.44,12.21,8.74,7.38,5.88,4.03,LU,0,
122,246,5.67,1.42,12.39,8.73,7.23,5.93,4.03,LU,0,
122,53,5.72,1.47,12.59,9.1,7.1,6.16,4.99,LU,0,
122,247,5.74,1.47,12.3,9.18,7.09,6.2,4.97,LU,0,
122,248,5.8,1.45,12.34,9.11,6.95,6.14,4.96,LU,0,
122,249,5.7,1.45,12.41,9.07,7.03,6.2,4.99,LU,0,
122,54,6.08,1.47,12.79,9.43,7.18,6.41,4.95,LU,0,
122,250,6.18,1.52,12.78,9.51,7.12,6.38,4.92,LU,0,
122,251,6.14,1.49,12.97,9.4,7.2,6.39,4.92,LU,0,
122,252,6.08,1.5,12.81,9.52,7.05,6.37,4.92,LU,0,
122,55,6.73,1.75,13.12,10.23,7.2,6.53,5.11,LU,0,
122,253,6.65,1.78,13.24,10.26,7.3,6.57,5.16,LU,0,
122,254,6.59,1.8,13.42,10.24,7.27,6.48,5.15,LU,0,
122,255,6.63,1.78,13.27,10.16,7.36,6.5,5.15,LU,0,
122,56,6.71,1.71,13.9,10.53,7.96,6.66,5.41,LU,1,
122,256,6.67,1.73,13.96,10.42,7.94,6.72,5.41,LU,1,
122,257,6.69,1.7,14.03,10.36,8.02,6.76,5.41,LU,1,
122,258,6.63,1.68,14.11,10.36,7.92,6.71,5.42,LU,1,
122,57,5.3,1.37,11.57,9.14,6.97,6.4,4.98,LU,0,
122,259,5.24,1.35,11.88,8.97,7.05,6.43,4.97,LU,0,
122,260,5.16,1.38,11.6,9.13,6.95,6.33,4.95,LU,0,
122,261,5.19,1.38,11.8,9.04,7.1,6.36,4.97,LU,0,
122,58,5.5,1.34,12.05,8.95,7.61,5.96,4.95,LU,0,
122,262,5.53,1.35,11.92,8.89,7.62,5.96,4.96,LU,0,
122,263,5.61,1.32,11.75,8.74,7.65,6.03,4.99,LU,0,
122,264,5.5,1.36,11.95,8.73,7.67,5.99,4.96,LU,0,
122,59,6.01,1.6,12.52,9.33,7.06,6.06,4.94,LU,0,
122,265,6.02,1.59,12.37,9.35,6.98,6.1,4.98,LU,0,
122,266,6.05,1.57,12.48,9.36,6.98,6.11,4.95,LU,0,
122,267,6.09,1.59,12.45,9.49,7.07,6.09,4.95,LU,0,
122,60,5.36,1.47,11.42,8.51,6.37,5.71,4.82,LU,0,
122,268,5.36,1.48,11.54,8.65,6.42,5.62,4.84,LU,0,
122,269,5.24,1.5,11.43,8.6,6.38,5.61,4.87,LU,0,
122,270,5.28,1.51,11.56,8.45,6.41,5.7,4.82,LU,0,
122,61,5.67,1.4,12.15,8.67,7.55,5.71,4.9,LU,1,
122,271,5.6,1.41,12.3,8.8,7.66,5.74,4.87,LU,1,
122,272,5.59,1.39,12.32,8.59,7.53,5.69,4.92,LU,1,
122,273,5.7,1.37,12.15,8.72,7.69,5.7,4.92,LU,1,
122,62,4.63,1.23,10.96,7.24,6.7,5,4.47,LU,0,
122,274,4.62,1.23,11.02,7.37,6.58,4.88,4.5,LU,0,
122,275,4.6,1.25,11.03,7.32,6.49,4.94,4.48,LU,0,
122,276,4.61,1.22,10.89,7.38,6.49,5,4.48,LU,0,
122,63,6.12,1.87,11.88,8.64,6.24,5.22,5.05,LU,0,
122,277,6.09,1.85,11.71,8.77,6.3,5.24,5.03,LU,0,
122,278,6.08,1.87,11.72,8.71,6.33,5.29,5.03,LU,0,
122,279,6.04,1.81,11.79,8.89,6.29,5.32,5.03,LU,0,
122,64,5.66,1.22,12.57,8.73,6.79,5.95,5.67,LU,0,
122,280,5.71,1.24,12.5,8.67,6.85,5.93,5.68,LU,0,
122,281,5.74,1.26,12.35,8.69,6.87,6.01,5.67,LU,0,
122,282,5.74,1.24,12.5,8.68,6.88,6.01,5.67,LU,0,
122,65,7.15,2.06,14.67,10.29,8.19,6.38,5.44,LU,1,
122,283,7.2,2.07,14.63,10.27,8.22,6.37,5.48,LU,1,
122,284,7.09,2.11,14.46,10.24,8.28,6.34,5.46,LU,1,
122,285,7.16,2.06,14.58,10.39,8.16,6.36,5.42,LU,1,
122,66,6.01,1.76,13.13,8.63,7.1,5.68,5.11,LU,0,
122,286,5.98,1.8,13.24,8.55,7.07,5.67,5.06,LU,0,
122,287,5.99,1.8,13.04,8.56,7.12,5.67,5.08,LU,0,
122,288,6.04,1.78,13.12,8.72,7.12,5.72,5.11,LU,0,
122,67,5.32,1.35,11.45,7.95,6.41,5.07,4.78,LU,0,
122,289,5.22,1.35,11.59,7.79,6.3,5.05,4.83,LU,0,
122,290,5.27,1.38,11.72,7.98,6.29,5.12,4.83,LU,0,
122,291,5.28,1.4,11.54,7.8,6.22,5.1,4.8,LU,0,
122,68,4.68,1.57,10.22,7.87,5.77,5.31,4.44,LU,0,
122,292,4.79,1.55,10.21,8.03,5.81,5.33,4.41,LU,0,
122,293,4.73,1.58,10.33,7.89,5.7,5.39,4.41,LU,0,
122,294,4.63,1.57,10.17,8.06,5.71,5.3,4.43,LU,0,
122,69,4.88,1.35,10.58,8.13,5.95,5.36,4.67,LU,0,
122,295,4.96,1.38,10.61,8.18,5.94,5.29,4.67,LU,0,
122,296,4.86,1.35,10.58,8.14,5.97,5.39,4.68,LU,0,
122,297,4.86,1.34,10.68,8.21,5.94,5.38,4.65,LU,0,
122,70,5.06,1.39,11.09,7.72,6.49,5.17,4.52,LU,0,
122,298,5.09,1.39,10.83,7.74,6.38,5.12,4.53,LU,0,
122,299,4.98,1.39,10.98,7.91,6.52,5.18,4.51,LU,0,
122,300,4.98,1.4,10.89,7.71,6.53,5.08,4.52,LU,0,
122,71,5.06,1.34,11.35,8.75,6.54,5.83,4.71,LU,0,
122,301,5.18,1.32,11.08,8.67,6.66,5.92,4.67,LU,0,
122,302,5.19,1.32,11.16,8.73,6.58,5.91,4.71,LU,0,
122,303,5.14,1.32,11.18,8.81,6.6,5.8,4.7,LU,0,
122,72,5.81,1.44,11.79,8.15,6.03,5.01,4.89,LU,0,
122,304,5.71,1.41,11.72,8.19,6.01,5.08,4.88,LU,0,
122,305,5.79,1.46,11.9,8.32,5.99,5.11,4.89,LU,0,
122,306,5.81,1.46,11.7,8.2,5.97,5.06,4.88,LU,0,
122,73,5.95,1.84,11.74,8.75,6.82,5.36,5.07,LU,0,
122,307,5.98,1.83,11.96,8.9,6.77,5.35,5.02,LU,0,
122,308,5.92,1.83,11.92,8.69,6.73,5.38,5.07,LU,0,
122,309,5.92,1.81,11.97,8.72,6.77,5.33,5.08,LU,0,
122,74,6.6,2.26,12.51,9.94,7.2,5.25,5.25,LU,1,
122,310,6.56,2.28,12.55,10.05,7.11,5.32,5.3,LU,1,
122,311,6.55,2.24,12.72,10.03,7.24,5.23,5.3,LU,1,
122,312,6.54,2.26,12.59,9.83,7.24,5.33,5.3,LU,1,
122,75,5.06,1.32,11.58,8.1,6.54,5.54,4.9,LU,0,
122,313,5.11,1.33,11.41,7.96,6.46,5.52,4.91,LU,0,
122,314,5.06,1.31,11.61,8.02,6.4,5.55,4.9,LU,0,
122,315,5.03,1.29,11.42,8.11,6.4,5.49,4.88,LU,0,
122,76,7.43,2.23,14.52,11.17,8.58,6.6,5.18,LU,1,
122,316,7.5,2.27,14.75,11.24,8.51,6.61,5.14,LU,1,
122,317,7.43,2.22,14.57,11.38,8.47,6.59,5.12,LU,1,
122,318,7.47,2.21,14.65,11.31,8.39,6.71,5.14,LU,1,
122,77,5.8,1.69,11.44,9.09,6.66,5.75,4.99,LB,0,
122,319,5.79,1.69,11.33,9,6.68,5.69,4.95,LB,0,
122,320,5.8,1.71,11.24,9.06,6.64,5.65,4.99,LB,0,
122,321,5.72,1.69,11.24,9.11,6.73,5.63,4.98,LB,0,
122,78,5.36,1.53,11.06,8.06,6,5.25,4.85,LU,0,
122,322,5.26,1.57,11.23,7.98,6.07,5.29,4.86,LU,0,
122,323,5.29,1.57,11.04,8.2,5.95,5.32,4.9,LU,0,
122,324,5.35,1.53,10.94,7.99,5.87,5.32,4.86,LU,0,
122,79,4.86,1.43,10.29,7.68,6.02,4.72,4.95,LU,0,
122,325,4.78,1.42,10.42,7.6,6.02,4.66,4.94,LU,0,
122,326,4.76,1.41,10.28,7.71,6.11,4.72,4.9,LU,0,
122,327,4.76,1.41,10.25,7.68,6.03,4.72,4.91,LU,0,
122,80,6.45,1.74,13.48,9.57,8.08,6.01,5.41,LU,1,
122,328,6.4,1.75,13.5,9.76,7.97,5.9,5.4,LU,1,
122,329,6.48,1.76,13.33,9.56,8.03,6,5.39,LU,1,
122,330,6.46,1.73,13.22,9.67,8,6.01,5.38,LU,1,
122,81,4.32,1.3,9.95,7.61,5.22,4.99,4.86,LU,0,
122,331,4.36,1.3,9.82,7.51,5.13,4.91,4.91,LU,0,
122,332,4.44,1.29,9.84,7.4,5.3,4.99,4.88,LU,0,
122,333,4.46,1.29,9.67,7.59,5.18,4.96,4.91,LU,0,
122,82,6.52,2.01,12.85,10.5,8.01,6.73,5.31,LU,0,
122,334,6.5,2,12.98,10.54,7.93,6.74,5.29,LU,0,
122,335,6.54,1.98,13,10.71,7.9,6.74,5.29,LU,0,
122,336,6.6,2,12.8,10.66,7.97,6.68,5.33,LU,0,
122,83,5.17,1.62,10.76,7.82,6.17,5,4.96,LU,0,
122,337,5.23,1.6,10.83,8.08,6.15,5.04,4.99,LU,0,
122,338,5.28,1.59,10.73,8.01,6.19,5.03,4.99,LU,0,
122,339,5.31,1.62,10.65,7.84,6.19,4.99,4.98,LU,0,
122,84,5.09,1.48,10.62,8.39,5.76,5.48,4.91,LU,0,
122,340,5.19,1.46,10.9,8.57,5.92,5.4,4.92,LU,0,
122,341,5.15,1.46,10.82,8.43,5.82,5.42,4.92,LU,0,
122,342,5.1,1.45,10.66,8.46,5.82,5.43,4.91,LU,0,
122,85,4.76,1.15,10.78,7.73,6.38,5.34,4.79,LU,0,
122,343,4.83,1.13,10.67,7.74,6.28,5.38,4.82,LU,0,
122,344,4.78,1.17,10.57,7.78,6.35,5.33,4.77,LU,0,
122,345,4.76,1.14,10.74,7.69,6.36,5.33,4.79,LU,0,
122,86,5.86,1.84,10.92,8.55,6.16,5.08,5.13,LU,0,
122,346,5.88,1.87,11.09,8.58,6.19,5.1,5.11,LU,0,
122,347,5.73,1.85,11.02,8.58,6.23,5.03,5.14,LU,0,
122,348,5.81,1.82,10.93,8.51,6.17,5.11,5.13,LU,0,
122,87,4.75,1.21,10.18,7.76,6.17,5.37,4.79,LU,0,
122,349,4.71,1.17,10.28,7.63,6.11,5.34,4.79,LU,0,
122,350,4.84,1.17,10.19,7.67,6.21,5.44,4.8,LU,0,
122,351,4.73,1.16,10.46,7.84,6.21,5.46,4.76,LU,0,
122,88,5.33,1.5,11.09,8.16,6.18,5.17,4.83,LU,0,
122,352,5.5,1.49,11.35,8.16,6.1,5.22,4.77,LU,0,
122,353,5.4,1.5,11.06,8.24,6.15,5.15,4.82,LU,0,
122,354,5.36,1.49,11.25,8.16,6.2,5.2,4.78,LU,0,
122,89,5.09,1.33,10.77,7.89,6.1,5.29,5.08,LU,0,
122,355,5.12,1.31,10.78,7.97,6.14,5.4,5.1,LU,0,
122,356,5.01,1.33,10.77,7.88,6.27,5.31,5.04,LU,0,
122,357,5.14,1.3,10.72,8.08,6.06,5.36,5.06,LU,0,
122,90,4.43,0.99,10.46,7.37,6.24,5.33,4.67,LU,0,
122,358,4.35,1,10.44,7.2,6.07,5.44,4.62,LU,0,
122,359,4.35,0.99,10.32,7.26,6.26,5.39,4.61,LU,0,
122,360,4.46,1,10.3,7.17,6.09,5.42,4.62,LU,0,
122,91,5.48,1.57,12.06,8.77,6.59,5.83,4.74,LU,0,
122,361,5.36,1.53,11.95,8.87,6.39,5.82,4.69,LU,0,
122,362,5.38,1.56,12.19,8.86,6.49,5.81,4.68,LU,0,
122,363,5.46,1.57,12.01,8.85,6.49,5.91,4.71,LU,0,
122,92,5.16,1.7,10.45,7.77,5.73,4.79,4.86,LU,0,
122,364,5.21,1.7,10.61,7.71,5.92,4.75,4.82,LU,0,
122,365,5.13,1.7,10.46,7.74,5.76,4.72,4.87,LU,0,
122,366,5.21,1.68,10.46,7.87,5.73,4.84,4.82,LU,0,
122,93,5.37,1.34,11.84,8.47,6.26,5.84,4.85,LU,0,
122,367,5.28,1.34,11.77,8.55,6.23,5.84,4.83,LU,0,
122,368,5.22,1.29,11.9,8.57,6.21,5.9,4.81,LU,0,
122,369,5.34,1.32,11.95,8.53,6.37,5.77,4.83,LU,0,
122,94,5.35,1.55,11.64,8.43,6.57,5.71,5.05,LU,0,
122,370,5.41,1.52,11.52,8.52,6.67,5.75,5.03,LU,0,
122,371,5.44,1.58,11.6,8.57,6.58,5.74,5.03,LU,0,
122,372,5.36,1.56,11.62,8.53,6.68,5.7,5.05,LU,0,
122,95,5.51,1.73,11.52,7.96,6.08,4.98,4.96,LU,0,
122,373,5.43,1.72,11.36,8.07,5.98,5.01,4.96,LU,0,
122,374,5.44,1.73,11.3,7.95,6.14,4.95,4.99,LU,0,
122,375,5.42,1.7,11.48,8.11,5.94,4.92,4.98,LU,0,
122,96,5.81,1.82,11.37,9.45,6.24,5.8,5.02,LU,0,
122,376,5.85,1.88,11.31,9.41,6.12,5.9,5,LU,0,
122,377,5.75,1.85,11.3,9.37,6.19,5.91,5.02,LU,0,
122,378,5.92,1.83,11.42,9.22,6.16,5.87,5,LU,0,
128,3,5.51,1.68,12.22,9.13,7.31,6.1,5.21,LU,0,
128,20,5.57,1.63,12.34,9.2,7.43,6.09,5.22,LU,0,
128,21,5.64,1.68,12.37,9.11,7.3,6.11,5.22,LU,0,
128,22,5.62,1.65,12.35,8.99,7.3,6.16,5.19,LU,0,
128,4,7.05,3.11,14.14,10.5,7.94,6.52,5.17,LU,0,
128,23,6.95,3.11,14.21,10.6,7.93,6.62,5.2,LU,0,
128,24,6.89,3.11,14.07,10.67,7.93,6.61,5.18,LU,0,
128,25,6.93,3.15,14.1,10.48,7.93,6.61,5.21,LU,0,
128,5,6.99,2.21,14.91,10.91,9.07,7.19,5.22,LB,1,
128,26,6.98,2.16,14.7,11.05,9.08,7.18,5.22,LB,1,
128,27,6.96,2.2,14.92,10.97,9.25,7.21,5.26,LB,1,
128,28,6.91,2.21,14.79,10.94,9.1,7.16,5.22,LB,1,
128,6,6.82,1.94,14.97,11.7,8.6,7.8,5.24,LB,0,
128,29,6.68,1.94,15.11,11.69,8.63,7.86,5.28,LB,0,
128,30,6.83,1.97,15.22,11.68,8.58,7.9,5.25,LB,0,
128,31,6.72,1.97,14.94,11.7,8.58,7.9,5.22,LB,0,
128,7,7.23,2.32,16.16,12.29,9.16,7.98,5.25,LB,0,
128,32,7.35,2.3,16.42,12.33,9.16,8,5.26,LB,0,
128,33,7.26,2.35,16.24,12.18,9.08,8.02,5.22,LB,0,
128,34,7.25,2.29,16.22,12.18,9.05,8.04,5.27,LB,0,
128,8,7.1,2.15,15.45,11.2,9.41,7,5.38,LB,1,
128,35,7.01,2.17,15.39,11.15,9.47,6.96,5.4,LB,1,
128,36,7.08,2.12,15.24,11.2,9.57,6.91,5.38,LB,1,
128,37,7.06,2.12,15.44,11.31,9.52,7,5.42,LB,1,
128,9,4.82,1.9,11.14,8.69,6.7,5.47,4.89,LB,0,
128,38,4.95,1.85,10.92,8.67,6.66,5.54,4.88,LB,0,
128,39,4.9,1.9,10.88,8.62,6.8,5.54,4.89,LB,0,
128,40,4.83,1.86,11.21,8.73,6.68,5.48,4.93,LB,0,
128,10,5.04,1.69,10.57,8.15,5.52,5.29,4.64,LB,0,
128,41,5.08,1.73,10.67,8.11,5.55,5.29,4.61,LB,0,
128,42,5.11,1.72,10.77,8.03,5.66,5.28,4.62,LB,0,
128,43,5.13,1.7,10.78,8,5.64,5.33,4.63,LB,0,
128,11,6.08,1.77,12.68,9.41,7.09,6.18,4.95,LB,0,
128,44,6.03,1.75,12.63,9.47,7.07,6.14,4.98,LB,0,
128,45,6.08,1.74,12.62,9.35,6.9,6.18,4.94,LB,0,
128,46,6.08,1.73,12.62,9.43,6.96,6.08,4.93,LB,0,
128,12,5.87,1.88,13.05,9.73,7.93,5.97,5.03,LB,1,
128,47,6,1.88,13.06,9.66,7.81,5.84,5.02,LB,1,
128,48,5.98,1.86,13.03,9.62,7.8,5.84,5,LB,1,
128,49,5.99,1.86,13.01,9.56,7.89,5.89,5.04,LB,1,
128,14,5.09,1.46,11.57,8.49,6.87,5.78,4.67,LU,0,
128,50,5.18,1.46,11.49,8.53,6.69,5.8,4.67,LU,0,
128,51,5.12,1.47,11.31,8.59,6.84,5.82,4.64,LU,0,
128,52,5.11,1.48,11.42,8.42,6.77,5.81,4.61,LU,0,
128,15,5.14,1.2,11.28,7.85,5.59,5.69,4.64,LU,0,
128,53,5.18,1.14,11.17,7.88,5.75,5.66,4.63,LU,0,
128,54,5.1,1.19,11.13,7.66,5.73,5.62,4.64,LU,0,
128,55,5.13,1.16,11.12,7.87,5.59,5.74,4.67,LU,0,
128,16,4.52,1.36,11.02,8.41,6.9,5.93,4.85,LU,0,
128,56,4.53,1.31,10.83,8.49,7.01,6.03,4.87,LU,0,
128,57,4.51,1.31,10.99,8.36,6.88,5.93,4.88,LU,0,
128,58,4.52,1.35,11.01,8.41,6.97,5.99,4.84,LU,0,
128,17,4.54,1.48,9.73,7.63,5.63,5,4.61,LU,0,
128,59,4.58,1.49,9.65,7.65,5.77,4.96,4.6,LU,0,
128,60,4.56,1.47,9.73,7.68,5.73,5,4.58,LU,0,
128,61,4.54,1.47,9.89,7.55,5.75,5,4.62,LU,0,
128,18,4.26,1.27,10.16,7.67,6.27,5.19,4.53,LU,0,
128,62,4.39,1.28,9.98,7.63,6.26,5.19,4.56,LU,0,
128,63,4.26,1.27,10.12,7.61,6.17,5.19,4.55,LU,0,
128,64,4.34,1.24,10.06,7.65,6.22,5.17,4.53,LU,0,
128,19,4.64,1.24,10.7,7.87,5.8,6.06,4.58,LB,0,
128,65,4.51,1.2,10.88,8.03,5.98,6.06,4.57,LB,0,
128,66,4.59,1.26,10.76,7.89,5.8,6.11,4.54,LB,0,
128,67,4.63,1.22,10.76,7.96,5.83,6.07,4.56,LB,0,
133,1,7.96,2.29,15.97,11.45,8.58,6.75,5.91,LU,0,
133,2,7.96,2.27,15.97,11.51,8.51,6.8,5.89,LU,0,
133,3,8.02,2.26,15.87,11.47,8.61,6.75,5.89,LU,0,
133,4,7.98,2.25,15.76,11.42,8.53,6.83,5.87,LU,0,
142,1,6.35,1.51,13.83,9.84,8.19,6.64,5.21,LU,1,AA
142,27,6.37,1.5,14.02,9.89,8.1,6.7,5.2,LU,1,
142,28,6.25,1.48,13.89,9.98,8.09,6.67,5.22,LU,1,
142,29,6.29,1.47,14.09,9.98,8.19,6.68,5.18,LU,1,
144,4,7.09,2.32,14.14,11.03,8.4,6.24,5.46,LU,1,
144,30,7.05,2.31,14.26,11.11,8.29,6.23,5.42,LU,1,
144,31,7.04,2.29,13.97,10.93,8.3,6.23,5.45,LU,1,
144,32,6.99,2.26,14.3,10.96,8.47,6.2,5.47,LU,1,
144,5,6.69,1.81,15.55,11.37,9.3,7.05,5.53,LU,1,
144,33,6.59,1.8,15.44,11.31,9.3,7.08,5.56,LU,1,
144,34,6.65,1.83,15.57,11.29,9.41,7.12,5.52,LU,1,
144,35,6.58,1.78,15.41,11.33,9.45,7.06,5.52,LU,1,
144,6,5.94,1.83,12.99,9.4,7.39,5.52,5.32,LU,1,
144,36,5.96,1.84,13.03,9.38,7.43,5.41,5.29,LU,1,
144,37,5.99,1.82,13.09,9.42,7.37,5.45,5.33,LU,1,
144,38,5.92,1.85,13.19,9.51,7.29,5.46,5.32,LU,1,
144,7,6.38,2.04,13.11,10.6,7.75,6.54,5.36,LU,0,
144,39,6.36,2.02,12.89,10.54,7.72,6.47,5.36,LU,0,
144,40,6.36,2.01,12.97,10.7,7.77,6.49,5.41,LU,0,
144,41,6.38,1.99,13,10.68,7.65,6.54,5.35,LU,0,
144,8,6.05,1.91,12.6,9.24,7.16,5.38,5.22,LU,0,
144,42,6.02,1.91,12.53,9.1,7.16,5.39,5.2,LU,0,
144,43,6.05,1.92,12.6,9.09,7.27,5.47,5.23,LU,0,
144,44,6.16,1.94,12.59,9.07,7.3,5.42,5.21,LU,0,
144,9,7.34,2.11,15.36,11.04,9.2,6.71,5.32,LU,1,
144,45,7.3,2.09,15.4,11.09,9.2,6.7,5.3,LU,1,
144,46,7.21,2.11,15.33,11.07,9.12,6.65,5.3,LU,1,
144,47,7.34,2.11,15.3,10.98,9.19,6.75,5.31,LU,1,
144,10,5.77,1.74,12.89,9.57,7.76,5.93,4.96,LU,1,
144,48,5.78,1.74,12.77,9.55,7.9,5.97,4.92,LU,1,
144,49,5.7,1.69,12.96,9.67,7.75,5.99,4.95,LU,1,
144,50,5.7,1.71,12.69,9.59,7.8,5.95,4.94,LU,1,
144,11,6.94,2.03,14.49,10.12,8.46,5.84,5.57,LU,1,
144,51,6.92,2.04,14.71,10.17,8.6,5.96,5.52,LU,1,
144,52,6.78,2.02,14.58,10.17,8.47,5.9,5.53,LU,1,
144,53,6.84,2.03,14.48,10.28,8.58,5.86,5.56,LU,1,
144,12,5.34,1.49,11.77,8.38,6.41,5.59,4.93,LU,0,
144,54,5.39,1.45,12.03,8.44,6.43,5.58,4.95,LU,0,
144,55,5.34,1.48,12.07,8.36,6.56,5.54,4.95,LU,0,
144,56,5.4,1.5,11.99,8.47,6.5,5.62,4.94,LU,0,
144,13,5.94,1.74,12.98,9.37,7.69,5.51,5.21,LU,1,
144,57,5.94,1.69,13.16,9.52,7.58,5.57,5.21,LU,1,
144,58,5.96,1.72,13.03,9.52,7.67,5.61,5.22,LU,1,
144,59,5.96,1.71,13.04,9.43,7.64,5.6,5.2,LU,1,
144,14,5.98,1.49,13.48,9.55,7.57,6.21,4.98,LU,1,
144,60,5.95,1.43,13.4,9.36,7.61,6.18,4.95,LU,1,
144,61,6.02,1.48,13.31,9.59,7.68,6.22,4.94,LU,1,
144,62,5.96,1.49,13.43,9.37,7.69,6.19,4.94,LU,1,
144,15,6.44,2.09,12.25,10.02,7.21,5.33,5.57,LU,1,
144,63,6.53,2.06,12.18,9.92,7.34,5.29,5.58,LU,1,
144,64,6.59,2.05,12.4,10.1,7.38,5.36,5.53,LU,1,
144,65,6.54,2.04,12.29,9.94,7.34,5.27,5.53,LU,1,
144,16,6.57,2.25,13.7,9.89,8.35,5.54,5.26,LU,1,
144,66,6.64,2.22,13.82,9.96,8.32,5.53,5.31,LU,1,
144,67,6.6,2.21,13.78,9.93,8.43,5.61,5.28,LU,1,
144,68,6.59,2.21,13.71,9.93,8.31,5.56,5.27,LU,1,
144,17,5.95,1.91,12.07,8.91,6.64,5.42,5.03,LU,0,
144,69,5.95,1.87,12.09,8.96,6.57,5.47,5.06,LU,0,
144,70,5.79,1.9,11.92,9.04,6.59,5.46,5.01,LU,0,
144,71,5.87,1.88,11.91,9.05,6.62,5.53,5.04,LU,0,
144,18,6.07,1.72,13.33,9.44,7.56,5.79,5.09,LU,0,
144,72,6.15,1.71,13.21,9.58,7.5,5.79,5.09,LU,0,
144,73,6.09,1.75,13.16,9.6,7.6,5.88,5.08,LU,0,
144,74,6.12,1.69,13.29,9.54,7.43,5.79,5.12,LU,0,
144,19,7.24,2.3,14.45,10.64,8.16,5.86,5.44,LU,1,
144,75,7.26,2.28,14.46,10.83,8.11,5.95,5.5,LU,1,
144,76,7.33,2.33,14.38,10.81,8.14,5.9,5.47,LU,1,
144,77,7.26,2.27,14.43,10.86,8.26,5.95,5.5,LU,1,
144,20,5.45,1.55,12.27,8.09,7.23,5.72,5.07,LU,1,
144,78,5.31,1.56,12.34,8.24,7.26,5.74,5.12,LU,1,
144,79,5.28,1.52,12.33,8.13,7.26,5.79,5.1,LU,1,
144,80,5.39,1.58,12.39,8.15,7.4,5.77,5.12,LU,1,
144,21,7.5,2.12,16.09,11.81,9.66,6.96,5.49,LU,1,
144,81,7.5,2.11,16.33,11.67,9.74,6.92,5.44,LU,1,
144,82,7.5,2.07,16.05,11.71,9.75,7.04,5.48,LU,1,
144,83,7.47,2.08,16.33,11.86,9.74,7.03,5.46,LU,1,
144,22,6.47,1.66,14,10.2,8.11,6.12,5.25,LU,1,
144,84,6.43,1.64,14.11,10.15,8.15,6.12,5.27,LU,1,
144,85,6.34,1.69,14.14,10.09,8,6.12,5.22,LU,1,
144,86,6.49,1.65,14.08,10.03,8.08,6.16,5.26,LU,1,
144,23,6.76,2.4,14.62,10.9,9.01,6.14,5.28,LU,1,
144,87,6.89,2.36,14.69,10.9,9.02,6.2,5.25,LU,1,
144,88,6.79,2.39,14.75,10.83,9.06,6.1,5.24,LU,1,
144,89,6.79,2.37,14.8,11.04,9.02,6.18,5.26,LU,1,
144,24,5.79,1.78,13.26,9.23,7.25,5.62,5.17,LU,1,
144,90,5.82,1.82,13.23,9.22,7.35,5.64,5.18,LU,1,
144,91,5.75,1.78,13.28,9.03,7.46,5.6,5.18,LU,1,
144,92,5.77,1.83,13.3,9.09,7.37,5.69,5.19,LU,1,
144,25,6.93,2.18,14.89,11.08,9.09,6.32,5.32,LU,1,
144,93,6.94,2.17,14.79,10.97,9.01,6.39,5.33,LU,1,
144,94,6.89,2.15,14.98,11.17,8.98,6.39,5.31,LU,1,
144,95,7.04,2.14,14.77,11.08,9.08,6.29,5.3,LU,1,
144,26,8.73,2.6,19.13,14.35,11.84,8.54,5.45,LU,1,
144,96,8.78,2.6,19.13,14.33,11.93,8.62,5.4,LU,1,
144,97,8.76,2.63,18.96,14.46,11.96,8.5,5.4,LU,1,
144,98,8.67,2.59,18.97,14.36,11.97,8.55,5.41,LU,1,
150,3,7.88,1.99,16.41,11.83,10.12,7.91,5.63,LU,1,
150,7,7.84,2,16.39,11.87,10.15,7.94,5.59,LU,1,
150,8,7.89,2,16.37,11.78,10.09,7.95,5.62,LU,1,
150,9,7.78,1.99,16.13,11.84,10.16,8.02,5.62,LU,1,
150,4,7.13,2.08,15.78,11.28,9.55,7.88,5.6,LU,1,
150,10,7.09,2.11,15.65,11.31,9.37,7.93,5.62,LU,1,
150,11,7.08,2.11,15.65,11.41,9.47,7.91,5.62,LU,1,
150,12,7.1,2.09,15.73,11.48,9.44,7.91,5.65,LU,1,
150,5,6.29,1.77,13.94,10.58,8.75,6.62,5.22,LU,1,
150,13,6.32,1.79,13.99,10.54,8.83,6.63,5.25,LU,1,
150,14,6.27,1.79,13.92,10.63,8.83,6.57,5.25,LU,1,
150,15,6.27,1.8,14.11,10.41,8.83,6.58,5.27,LU,1,
150,6,6.22,1.6,14.46,10.31,8.71,6.97,5.42,LU,1,
150,16,6.12,1.66,14.56,10.32,8.73,7.1,5.42,LU,1,
150,17,6.22,1.61,14.28,10.31,8.66,7.08,5.42,LU,1,
150,18,6.18,1.62,14.55,10.45,8.68,6.97,5.42,LU,1,
152,3,7.95,2.48,16.75,12.61,10.41,7.26,5.5,LU,1,
152,14,7.99,2.5,16.89,12.79,10.28,7.22,5.45,LU,1,
152,15,8,2.52,16.8,12.7,10.3,7.24,5.46,LU,1,
152,16,7.95,2.5,16.93,12.61,10.41,7.28,5.47,LU,1,
152,4,7.46,1.72,16.65,11.7,9.87,7.44,5.14,LU,1,
152,17,7.45,1.72,16.56,11.76,9.9,7.5,5.15,LU,1,
152,18,7.53,1.74,16.62,11.84,9.86,7.49,5.16,LU,1,
152,19,7.45,1.7,16.58,11.63,9.91,7.46,5.15,LU,1,
152,5,7.65,2.39,15.96,11.85,9.38,6.67,5.46,LU,1,
152,20,7.6,2.38,15.96,11.92,9.22,6.67,5.45,LU,1,
152,21,7.73,2.38,16.17,11.93,9.33,6.59,5.5,LU,1,
152,22,7.66,2.41,16.02,11.85,9.17,6.67,5.47,LU,1,
152,6,6.83,1.57,15.77,11.02,8.9,7.24,4.85,LU,1,
152,23,6.88,1.61,15.89,10.96,8.98,7.19,4.91,LU,1,
152,24,6.82,1.58,15.96,10.87,8.86,7.24,4.86,LU,1,
152,25,6.84,1.56,15.88,10.87,8.83,7.17,4.9,LU,1,
152,7,7.59,2.03,15.69,11.09,9.16,6.81,5.35,LU,1,
152,26,7.53,2.02,15.66,11.32,9.26,6.8,5.32,LU,1,
152,27,7.54,2,15.54,11.14,9.22,6.86,5.32,LU,1,
152,28,7.48,2.05,15.58,11.19,9.21,6.93,5.37,LU,1,
152,8,7.03,1.96,14.65,10.92,8.69,6.38,5.36,LU,1,
152,29,7.04,1.96,14.49,10.92,8.8,6.34,5.33,LU,1,
152,30,6.94,1.91,14.61,10.72,8.73,6.36,5.37,LU,1,
152,31,6.92,1.97,14.61,10.78,8.78,6.36,5.37,LU,1,
152,9,6.71,1.78,14.83,10.75,8.76,6.75,5.24,LU,1,
152,32,6.77,1.81,14.63,10.58,8.69,6.81,5.25,LU,1,
152,33,6.78,1.8,14.83,10.59,8.66,6.8,5.22,LU,1,
152,34,6.66,1.76,14.84,10.73,8.85,6.8,5.22,LU,1,
152,10,6.81,1.86,14.17,10.48,8.66,6.45,5.44,LB,1,
152,35,6.69,1.83,14.06,10.39,8.69,6.41,5.41,LB,1,
152,36,6.75,1.81,14.2,10.52,8.54,6.36,5.44,LB,1,
152,37,6.67,1.84,14.07,10.47,8.53,6.45,5.42,LB,1,
152,11,5.7,1.48,13.44,9.28,7.55,5.79,4.95,LU,1,
152,38,5.82,1.46,13.45,9.16,7.62,5.86,4.9,LU,1,
152,39,5.76,1.44,13.26,9.31,7.52,5.87,4.94,LU,1,
152,40,5.87,1.46,13.22,9.14,7.69,5.8,4.89,LU,1,
152,12,4.25,0.98,10.97,7.47,6.56,5.48,4.74,LU,0,
152,41,4.32,0.98,11.22,7.61,6.55,5.54,4.72,LU,0,
152,42,4.31,0.95,11.04,7.44,6.43,5.49,4.74,LU,0,
152,43,4.2,0.96,11.09,7.64,6.5,5.53,4.73,LU,0,
152,13,4.46,1.04,10.02,7.13,6.09,5.22,4.48,LU,0,
152,44,4.48,1.05,10.3,7.28,6.16,5.15,4.5,LU,0,
152,45,4.36,1.08,10.1,7.2,6.16,5.11,4.45,LU,0,
152,46,4.42,1.06,10.29,7.1,6.1,5.17,4.49,LU,0,
158,1,7.35,2.25,17.14,12.05,11.01,7.8,5.37,LU,1,
158,2,7.34,2.2,17,12.18,10.97,7.73,5.37,LU,1,
158,3,7.35,2.22,17.13,12.15,11,7.69,5.36,LU,1,
158,4,7.39,2.26,17.21,11.95,10.98,7.78,5.36,LU,1,
165,3,5.52,1.71,12.04,9.32,6.89,6.42,4.98,LU,0,GF
165,8,5.58,1.72,12.02,9.18,6.85,6.52,4.99,LU,0,
165,9,5.54,1.68,12.08,9.39,6.87,6.45,5.03,LU,0,
165,10,5.56,1.72,12.18,9.22,6.73,6.45,5.01,LU,0,
165,4,7.27,1.62,16,11.34,9.34,7.2,5.28,LU,1,AA
165,11,7.19,1.61,15.95,11.32,9.21,7.19,5.27,LU,1,
165,12,7.14,1.63,16.13,11.44,9.29,7.19,5.26,LU,1,
165,13,7.15,1.61,16.1,11.34,9.31,7.19,5.27,LU,1,
165,5,8.83,2.61,18.09,13.53,10.47,8.03,5.46,LU,1,GF
165,14,8.86,2.62,18.09,13.51,10.53,7.93,5.46,LU,1,
165,15,8.77,2.6,18.22,13.53,10.47,8.01,5.42,LU,1,
165,16,8.71,2.62,18.25,13.59,10.47,7.95,5.44,LU,1,
165,6,4.95,2.08,11.69,8.75,5.94,6.27,4.67,LU,0,AA
165,17,4.95,2.11,11.67,8.64,6.09,6.36,4.73,LU,0,
165,18,4.92,2.14,11.48,8.71,6.15,6.34,4.71,LU,0,
165,19,4.94,2.12,11.54,8.55,6.13,6.37,4.71,LU,0,
165,7,6.58,2.05,14.21,10.98,8.25,7.04,5.34,LU,0,AA
165,20,6.56,2.05,14.25,10.9,8.11,6.98,5.36,LU,0,
165,21,6.66,2.07,14.11,11.05,8.24,6.97,5.32,LU,0,
165,22,6.59,2.07,14.02,11.11,8.2,6.97,5.35,LU,0,
177,1,6.12,1.45,13.85,9.75,8.72,6.14,5.41,DU,1,
177,3,6.07,1.49,13.86,9.52,8.83,6.1,5.41,DU,1,
177,4,6.07,1.46,13.82,9.63,8.84,6.19,5.39,DU,1,
177,5,6.03,1.49,13.68,9.6,8.75,6.16,5.38,DU,1,
177,2,7.97,2.36,16.36,11.71,9.88,6.93,5.75,LU,1,
177,6,7.91,2.41,16.24,11.79,9.89,6.97,5.71,LU,1,
177,7,7.98,2.36,16.53,11.8,9.79,6.9,5.7,LU,1,
177,8,8.05,2.4,16.47,11.8,9.89,6.88,5.75,LU,1,
198,1,5.11,1.36,11.29,8.75,6.88,6.03,4.86,LU,0,
198,4,4.99,1.35,11.19,8.71,6.84,6.09,4.81,LU,0,
198,5,5.01,1.35,11.43,8.71,6.8,6.07,4.86,LU,0,
198,6,5.05,1.32,11.22,8.55,6.84,6.05,4.85,LU,0,
198,2,4.91,1.23,10.54,8.1,6,5.38,4.91,LU,0,
198,7,5.01,1.27,10.76,7.97,6.16,5.28,4.88,LU,0,
198,8,4.96,1.25,10.75,8,6.17,5.3,4.87,LU,0,
198,9,5.07,1.26,10.78,8.12,6.02,5.27,4.88,LU,0,
198,3,5.31,1.25,11.16,7.48,6.18,5.03,4.96,LU,0,
198,10,5.38,1.25,11.44,7.48,6.14,5.1,4.95,LU,0,
198,11,5.32,1.29,11.45,7.5,6.18,5.09,4.98,LU,0,
198,12,5.25,1.27,11.28,7.63,6.17,5.07,4.99,LU,0,
242,2,5.9,1.63,12.91,9.52,7.3,6.66,5.15,LU,1,AA
242,11,5.88,1.66,12.99,9.47,7.31,6.59,5.13,LU,1,
242,12,6.01,1.62,13.14,9.63,7.27,6.6,5.15,LU,1,
242,13,5.9,1.61,13.13,9.5,7.09,6.61,5.14,LU,1,
242,3,6.64,1.52,14.19,10.25,7.77,7.04,4.99,LB,0,AA
242,14,6.57,1.51,14.19,10.14,7.92,7,5.01,LB,0,
242,15,6.58,1.53,14.29,10.13,7.95,7.05,4.99,LB,0,
242,16,6.58,1.5,14.39,10.13,7.94,7.02,5.03,LB,0,
242,4,8.71,2.55,18.92,13.57,10.91,8.22,5.6,LB,1,AA
242,17,8.78,2.51,18.87,13.57,10.89,8.14,5.6,LB,1,
242,18,8.75,2.56,18.67,13.46,10.85,8.13,5.57,LB,1,
242,19,8.71,2.56,18.87,13.5,10.88,8.17,5.56,LB,1,
242,5,8.15,2.41,18.33,13.31,11.04,8.54,5.17,LB,1,AA
242,20,8.23,2.4,18.2,13.36,11.03,8.58,5.2,LB,1,
242,21,8.22,2.4,18.19,13.17,11.01,8.6,5.19,LB,1,
242,22,8.15,2.4,18.2,13.17,10.96,8.54,5.21,LB,1,
242,6,9.07,2.64,18.3,13.38,10.08,8.31,5.5,LB,0,
242,23,9,2.63,18.14,13.49,10.03,8.3,5.47,LB,0,
242,24,9,2.61,18.09,13.49,10.16,8.31,5.49,LB,0,
242,25,9.07,2.6,18.08,13.42,10.1,8.4,5.5,LB,0,
242,7,6.59,1.7,16.26,11.08,9.96,7.44,5.12,LU,1,
242,26,6.49,1.67,16.22,11.1,9.78,7.46,5.14,LU,1,
242,27,6.55,1.72,16.28,11.04,9.75,7.52,5.14,LU,1,
242,28,6.49,1.68,16.35,11.02,9.89,7.49,5.15,LU,1,
242,8,7.49,1.75,17.86,12.4,11.04,8.82,5.14,LU,1,
242,29,7.52,1.77,17.61,12.52,10.98,8.76,5.19,LU,1,
242,30,7.49,1.76,17.84,12.49,10.92,8.77,5.18,LU,1,
242,31,7.47,1.73,17.85,12.4,10.91,8.75,5.18,LU,1,
242,9,6.85,2.28,13.49,10.59,7.78,6.7,5.62,LU,0,
242,32,6.84,2.28,13.34,10.49,7.77,6.77,5.62,LU,0,
242,33,6.94,2.31,13.39,10.6,7.74,6.67,5.61,LU,0,
242,34,6.91,2.32,13.38,10.54,7.87,6.68,5.59,LU,0,
242,10,5.01,1.3,11.64,8.45,7.06,5.98,5.16,LU,0,
242,35,5.01,1.3,11.73,8.47,7.05,6,5.14,LU,0,
242,36,5.09,1.29,11.57,8.47,7.03,5.9,5.14,LU,0,
242,37,5.02,1.29,11.76,8.38,7.12,5.88,5.15,LU,0,
243,1,6.66,1.46,13.5,10.12,6.84,6.47,5.02,LB,0,AA
243,9,6.76,1.45,13.54,10.07,6.8,6.49,4.99,LB,0,
243,10,6.63,1.46,13.48,9.96,6.82,6.52,4.97,LB,0,
243,11,6.69,1.5,13.36,10.05,6.76,6.5,5.01,LB,0,
243,2,6.63,1.63,13.51,9.84,7.37,6.88,4.99,LB,0,AA
243,12,6.59,1.6,13.39,9.96,7.27,6.83,5.01,LB,0,
243,13,6.49,1.59,13.32,9.84,7.35,6.87,5.03,LB,0,
243,14,6.54,1.58,13.59,9.82,7.28,6.9,4.98,LB,0,
243,3,6.62,1.58,13.58,9.79,7.49,6.4,4.97,LB,0,FA
243,15,6.7,1.56,13.82,9.93,7.64,6.41,4.98,LB,0,
243,16,6.7,1.56,13.84,9.95,7.57,6.45,4.97,LB,0,
243,17,6.59,1.59,13.67,9.79,7.63,6.4,4.97,LB,0,
243,4,5.22,1.04,11.55,8.22,6.3,6.16,4.7,LU,0,AA
243,18,5.33,1.1,11.5,8.22,6.18,6.13,4.72,LU,0,
243,19,5.25,1.06,11.4,8.16,6.15,6.06,4.67,LU,0,
243,20,5.3,1.05,11.63,8.15,6.23,6.16,4.7,LU,0,
243,5,3.83,0.84,9.2,6.16,5.27,4.53,4.47,LU,1,AA
243,21,3.79,0.87,9.22,6.05,5.26,4.49,4.45,LU,1,
243,22,3.75,0.86,9.22,6.1,5.24,4.56,4.47,LU,1,
243,23,3.84,0.84,9.37,6.25,5.18,4.47,4.42,LU,1,
243,8,7.62,1.84,16.18,11.51,9.23,7.09,5.4,LU,1,
243,24,7.67,1.9,16.14,11.38,9.4,7.06,5.36,LU,1,
243,25,7.72,1.85,15.93,11.44,9.25,7.08,5.38,LU,1,
243,26,7.66,1.87,16.12,11.34,9.25,7.06,5.41,LU,1,
247,1,6.65,1.62,12.94,9.9,7.47,6.27,5.16,LU,1,AA
247,2,6.6,1.59,13.09,9.79,7.44,6.25,5.17,LU,1,
247,3,6.58,1.57,13.1,9.79,7.59,6.36,5.12,LU,1,
247,4,6.49,1.58,13.13,9.71,7.56,6.26,5.15,LU,1,
253,3,6.95,2.1,15.48,11.07,9.29,6.79,5.24,LU,1,AA
253,17,6.85,2.13,15.5,11.08,9.35,6.86,5.28,LU,1,
253,18,7,2.07,15.44,11.14,9.42,6.83,5.28,LU,1,
253,19,6.94,2.07,15.51,11.01,9.36,6.87,5.25,LU,1,
253,4,7.25,2.16,15.36,11.2,8.98,8.22,5.24,LU,1,AA
253,20,7.27,2.18,15.28,11.2,9.08,8.13,5.26,LU,1,
253,21,7.25,2.18,15.19,11.39,9.12,8.19,5.24,LU,1,
253,22,7.19,2.18,15.25,11.21,9.15,8.17,5.27,LU,1,
253,5,7,1.24,14.47,10.24,8.33,8.04,5.13,LU,1,AA
253,23,7.07,1.28,14.42,10.42,8.19,8.08,5.12,LU,1,
253,24,7.06,1.26,14.4,10.34,8.36,8.02,5.17,LU,1,
253,25,6.99,1.28,14.53,10.23,8.34,8.1,5.17,LU,1,
253,6,6.58,2.25,13.88,9.97,8.17,7.43,5.21,LU,1,AA
253,26,6.68,2.23,13.88,10.06,8.3,7.43,5.19,LU,1,
253,27,6.68,2.21,13.86,10.15,8.16,7.46,5.22,LU,1,
253,28,6.64,2.24,13.92,10.07,8.25,7.41,5.19,LU,1,
253,7,6.26,1.58,13.06,10.19,7.14,6.47,5.16,LU,1,AA
253,29,6.21,1.63,13.34,10.05,7.27,6.42,5.16,LU,1,
253,30,6.14,1.63,13.32,10.02,7.29,6.42,5.17,LU,1,
253,31,6.25,1.61,13.31,10.11,7.19,6.49,5.16,LU,1,
253,8,6.61,2,14.64,10.97,8.63,7.09,5.33,LU,1,
253,32,6.78,1.97,14.58,10.92,8.75,7.1,5.33,LU,1,
253,33,6.67,2.02,14.53,10.91,8.6,7.09,5.29,LU,1,
253,34,6.75,2.03,14.64,10.94,8.73,7.14,5.32,LU,1,
253,9,7.65,2.11,14.92,11.96,8.55,6.72,5.47,LU,1,
253,35,7.69,2.11,14.9,12.05,8.62,6.71,5.49,LU,1,
253,36,7.69,2.16,14.79,11.98,8.58,6.63,5.52,LU,1,
253,37,7.65,2.13,15.03,12.1,8.58,6.68,5.5,LU,1,
253,10,6.88,2.13,14.71,10.9,8.89,6.49,5.29,LU,1,
253,38,6.73,2.1,14.59,10.75,8.96,6.52,5.34,LU,1,
253,39,6.74,2.14,14.61,10.79,8.85,6.59,5.3,LU,1,
253,40,6.83,2.14,14.52,10.89,8.9,6.49,5.29,LU,1,
253,11,6.44,2.19,12.48,10.12,7.56,6,5.44,LU,0,
253,41,6.43,2.19,12.31,10.16,7.53,6.11,5.42,LU,0,
253,42,6.42,2.17,12.48,10.22,7.51,6.08,5.46,LU,0,
253,43,6.4,2.19,12.26,10.06,7.6,6.03,5.46,LU,0,
253,12,5.95,1.77,12.78,9.33,7.47,6.04,5.04,LU,0,
253,44,6,1.76,12.9,9.32,7.51,6.07,5.05,LU,0,
253,45,6.1,1.78,12.62,9.41,7.52,6.08,5.03,LU,0,
253,46,5.95,1.8,12.93,9.32,7.33,6.08,5.05,LU,0,
253,13,5.52,1.37,12.38,9.03,7.09,6.07,5.01,LU,0,
253,47,5.56,1.4,12.37,9.05,7.08,6.01,5.03,LU,0,
253,48,5.6,1.37,12.34,9.03,7.04,6.08,5.01,LU,0,
253,49,5.62,1.39,12.14,9.17,7.2,6,5.02,LU,0,
253,14,5.52,1.45,12.16,9.04,7.04,6.04,5.13,LU,0,
253,50,5.57,1.44,12.25,9.07,6.9,6.07,5.16,LU,0,
253,51,5.54,1.46,12.26,8.92,6.97,6.01,5.15,LU,0,
253,52,5.59,1.44,12.11,9.03,6.87,5.96,5.18,LU,0,
253,15,5.24,1.43,11.05,8.42,6.61,5.42,4.85,LU,0,
253,53,5.18,1.41,11.15,8.37,6.71,5.4,4.89,LU,0,
253,54,5.23,1.44,11.17,8.4,6.69,5.39,4.87,LU,0,
253,55,5.18,1.39,10.98,8.23,6.71,5.48,4.88,LU,0,
253,16,5.24,1.5,10.77,8.35,6.75,5.61,4.87,LU,0,
253,56,5.21,1.51,10.98,8.44,6.73,5.64,4.87,LU,0,
253,57,5.18,1.5,10.75,8.5,6.8,5.57,4.87,LU,0,
253,58,5.09,1.49,10.85,8.53,6.64,5.56,4.85,LU,0,
264,1,6.44,1.6,14.16,11.05,8.6,7.54,5.36,LU,0,
264,2,6.35,1.66,14.13,10.93,8.65,7.51,5.4,LU,0,
264,3,6.39,1.65,14.23,11.08,8.71,7.51,5.42,LU,0,
264,4,6.29,1.61,14.03,11.13,8.68,7.56,5.38,LU,0,
276,5,6.69,1.59,14.83,10.48,8.79,6.58,5.29,LU,1,
276,10,6.83,1.61,14.64,10.55,8.69,6.66,5.31,LU,1,
276,11,6.8,1.59,14.67,10.57,8.85,6.64,5.29,LU,1,
276,12,6.7,1.61,14.89,10.5,8.69,6.62,5.31,LU,1,
276,6,6.53,1.8,14.25,10.62,8.23,6.57,5.29,LU,1,
276,13,6.41,1.78,14.29,10.71,8.19,6.65,5.3,LU,1,
276,14,6.49,1.83,14.16,10.49,8.17,6.59,5.25,LU,1,
276,15,6.37,1.79,14.33,10.5,8.17,6.53,5.25,LU,1,
276,7,5.97,1.66,13.36,9.74,7.84,6.18,5.33,LU,1,
276,16,6.04,1.66,13.62,9.78,7.82,6.21,5.3,LU,1,
276,17,5.92,1.68,13.54,9.83,7.98,6.17,5.34,LU,1,
276,18,6.06,1.71,13.43,9.86,7.95,6.24,5.33,LU,1,
276,8,5.44,1.27,12.66,8.73,7.36,5.92,4.87,LU,1,
276,19,5.42,1.29,12.5,8.59,7.53,5.83,4.84,LU,1,
276,20,5.51,1.25,12.59,8.76,7.45,5.92,4.83,LU,1,
276,21,5.37,1.25,12.61,8.71,7.52,5.87,4.83,LU,1,
276,9,5.86,1.81,11.99,9.31,6.6,5.77,5.36,LU,0,
276,22,5.93,1.83,11.82,9.29,6.55,5.77,5.35,LU,0,
276,23,5.93,1.85,11.88,9.24,6.58,5.77,5.37,LU,0,
276,24,5.88,1.82,11.84,9.43,6.72,5.87,5.38,LU,0,
291,3,5.3,1.62,12.23,9.24,8.08,6.46,5.23,LU,0,
291,25,5.34,1.63,12.18,9.15,8.09,6.47,5.22,LU,0,
291,26,5.32,1.58,12.18,9.07,8.01,6.44,5.2,LU,0,
291,27,5.41,1.62,12.46,9.15,7.97,6.54,5.23,LU,0,
294,1,6.8,1.93,13.98,10.15,7.35,6.45,5.12,LU,0,
294,2,6.77,1.95,13.96,10.15,7.47,6.45,5.07,LU,0,
294,3,6.7,1.89,13.8,10.28,7.51,6.39,5.11,LU,0,
294,4,6.68,1.91,13.98,10.28,7.57,6.39,5.09,LU,0,
294,2,5.79,2.1,12.46,10.34,8.02,6.58,5.08,LU,0,
294,5,5.93,2.08,12.49,10.28,7.99,6.65,5.08,LU,0,
294,6,5.84,2.08,12.62,10.31,7.81,6.61,5.07,LU,0,
294,7,5.86,2.07,12.6,10.23,7.95,6.55,5.05,LU,0,
318,1,5.83,0.89,13.57,8.75,7.57,6.68,5.02,LB,1,GC
318,28,5.84,0.86,13.6,8.77,7.67,6.71,5.01,LB,1,
318,29,5.88,0.89,13.52,8.72,7.7,6.67,5,LB,1,
318,30,5.94,0.87,13.56,8.88,7.58,6.66,4.97,LB,1,
318,2,5.93,1.22,11.74,8.57,6.74,6.04,5.02,LB,1,GC
318,31,5.87,1.17,11.79,8.66,6.63,5.96,5.05,LB,1,
318,32,5.91,1.17,11.61,8.52,6.69,6.04,5.03,LB,1,
318,33,5.89,1.19,11.83,8.72,6.6,6.03,5.03,LB,1,
318,3,4.86,0.91,11.41,7.96,6.74,5.72,4.66,LB,1,GC
318,34,4.84,0.9,11.35,7.98,6.71,5.76,4.64,LB,1,
318,35,4.8,0.87,11.1,7.83,6.75,5.77,4.68,LB,1,
318,36,4.82,0.91,11.35,7.97,6.55,5.77,4.67,LB,1,
318,4,4.78,1.66,10,7.75,5.77,5.54,4.96,LB,1,GF
318,37,4.83,1.66,10.1,7.7,5.75,5.46,4.93,LB,1,
318,38,4.94,1.72,9.96,7.54,5.89,5.53,4.94,LB,1,
318,39,4.96,1.7,10.18,7.6,5.93,5.42,4.96,LB,1,
318,5,5.18,1.08,11.47,8.37,5.88,5.82,4.88,LB,1,IG
318,40,5.27,1.06,11.4,8.34,6.01,5.88,4.9,LB,1,
318,41,5.19,1.07,11.38,8.27,6.03,5.87,4.92,LB,1,
318,42,5.26,1.09,11.61,8.32,5.99,5.9,4.88,LB,1,
318,9,6.34,2.05,12.91,9.71,7.86,5.54,5.21,LB,1,
318,43,6.21,2.05,12.92,9.69,7.85,5.66,5.24,LB,1,
318,44,6.22,2.04,12.73,9.74,7.92,5.58,5.18,LB,1,
318,45,6.19,2.03,12.9,9.75,7.8,5.6,5.23,LB,1,
318,10,6.09,1.61,12.83,10.16,7.33,6.4,5.14,LB,0,
318,46,5.94,1.61,12.95,10.12,7.19,6.41,5.12,LB,0,
318,47,5.95,1.63,12.94,10.1,7.34,6.33,5.13,LB,0,
318,48,5.96,1.61,12.93,10.19,7.3,6.28,5.14,LB,0,
318,11,6.57,1.88,13.92,10.65,7.84,6.74,5.35,LB,1,
318,49,6.56,1.93,13.69,10.74,7.71,6.76,5.32,LB,1,
318,50,6.49,1.9,14,10.79,7.85,6.68,5.3,LB,1,
318,51,6.46,1.89,13.98,10.84,7.7,6.78,5.33,LB,1,
318,12,4.25,1.22,9.2,6.97,4.71,4.69,4.76,LB,0,
318,52,4.15,1.19,9.17,7.07,4.9,4.75,4.76,LB,0,
318,53,4.27,1.2,9.06,7.14,4.8,4.71,4.79,LB,0,
318,54,4.25,1.23,9.17,7.06,4.88,4.71,4.76,LB,0,
318,13,8.16,2.41,18.33,13.37,10.42,8.82,5.13,LB,1,
318,55,8,2.38,18.52,13.46,10.59,8.77,5.15,LB,1,
318,56,8.12,2.41,18.27,13.56,10.42,8.72,5.13,LB,1,
318,57,8.12,2.38,18.54,13.37,10.43,8.85,5.16,LB,1,
318,14,5.95,1.54,12.86,9.39,7.41,5.96,4.8,LB,1,
318,58,5.88,1.52,12.74,9.29,7.44,5.9,4.78,LB,1,
318,59,5.87,1.51,12.88,9.48,7.37,5.95,4.78,LB,1,
318,60,5.95,1.55,12.77,9.41,7.32,5.94,4.77,LB,1,
318,15,5.01,1.5,10.7,8.42,6.54,5.56,4.91,LU,0,
318,61,5.17,1.46,10.75,8.49,6.46,5.65,4.89,LU,0,
318,62,5.08,1.5,10.86,8.33,6.57,5.67,4.9,LU,0,
318,63,5.01,1.48,10.76,8.38,6.48,5.56,4.93,LU,0,
318,16,3.2,0.68,8.6,6.73,5.8,5.21,4.35,LU,0,
318,64,3.12,0.7,8.53,6.74,5.62,5.16,4.38,LU,0,
318,65,3.29,0.73,8.7,6.53,5.66,5.17,4.36,LU,0,
318,66,3.19,0.73,8.71,6.56,5.72,5.15,4.37,LU,0,
318,17,5.55,1.64,11.33,9.68,6.43,6.01,5.14,LB,0,
318,67,5.51,1.62,11.22,9.53,6.45,6.04,5.1,LB,0,
318,68,5.52,1.64,11.44,9.62,6.54,6.03,5.14,LB,0,
318,69,5.65,1.64,11.16,9.62,6.51,6.05,5.11,LB,0,
318,18,5.98,1.3,12.84,9.18,7.07,6.42,5.08,LB,0,
318,70,6.04,1.27,12.98,9.03,7.17,6.46,5.03,LB,0,
318,71,5.98,1.31,12.8,9.05,7.2,6.39,5.03,LB,0,
318,72,6.01,1.25,12.9,9.19,7.12,6.46,5.06,LB,0,
318,19,4.71,1.55,10.97,8.56,6.42,5.85,4.67,LB,0,
318,73,4.63,1.59,10.87,8.68,6.52,5.76,4.69,LB,0,
318,74,4.74,1.59,10.98,8.7,6.42,5.87,4.65,LB,0,
318,75,4.74,1.54,10.95,8.69,6.49,5.76,4.7,LB,0,
318,20,5.39,1.47,11.3,8.75,6.71,5.88,4.9,LB,0,
318,76,5.37,1.48,11.17,8.92,6.72,6,4.91,LB,0,
318,77,5.36,1.48,11.25,8.72,6.69,5.9,4.92,LB,0,
318,78,5.29,1.44,11.34,8.88,6.59,5.91,4.94,LB,0,
318,21,4.21,1.21,9.91,7.82,5.92,5.53,4.54,LB,0,
318,79,4.24,1.18,9.78,7.87,6,5.52,4.51,LB,0,
318,80,4.29,1.19,9.75,7.75,6.06,5.53,4.53,LB,0,
318,81,4.28,1.23,10,7.83,6.01,5.5,4.55,LB,0,
318,22,5.52,1.4,12.49,8.8,6.76,5.6,4.88,LB,1,
318,82,5.49,1.38,12.23,8.78,6.82,5.61,4.88,LB,1,
318,83,5.43,1.34,12.25,8.76,6.79,5.65,4.92,LB,1,
318,84,5.43,1.37,12.24,8.76,6.8,5.6,4.88,LB,1,
318,23,5.87,1.79,12.23,9.2,6.46,6.03,4.85,LU,0,
318,85,5.8,1.81,12.01,9.27,6.46,6.05,4.79,LU,0,
318,86,5.89,1.8,12.09,9.2,6.53,5.97,4.83,LU,0,
318,87,5.92,1.78,12.02,9.27,6.38,6.04,4.81,LU,0,
318,24,7.12,2.16,14.52,11.15,7.39,6.92,5.1,LB,0,
318,88,7.09,2.19,14.39,11.08,7.55,6.94,5.08,LB,0,
318,89,7.11,2.17,14.42,11.15,7.57,6.9,5.07,LB,0,
318,90,7.05,2.15,14.52,10.95,7.57,6.81,5.12,LB,0,
318,25,5.63,1.6,12.16,8.61,6.89,5.31,4.96,LU,1,
318,91,5.51,1.58,12.15,8.59,6.88,5.37,4.96,LU,1,
318,92,5.5,1.6,12.46,8.54,6.93,5.28,4.97,LU,1,
318,93,5.63,1.55,12.24,8.51,6.83,5.34,4.96,LU,1,
318,26,3.52,0.94,8.64,6.19,4.98,4.67,4.19,LB,0,
318,94,3.48,0.93,8.83,6.27,5.02,4.7,4.13,LB,0,
318,95,3.45,0.97,8.53,6.29,5.01,4.62,4.13,LB,0,
318,96,3.49,0.96,8.75,6.21,5.04,4.7,4.15,LB,0,
318,27,4.47,1.29,10.13,7.48,5.8,5.1,4.47,LB,1,
318,97,4.46,1.26,10.24,7.65,5.62,5.12,4.46,LB,1,
318,98,4.34,1.29,10.1,7.67,5.65,5.13,4.46,LB,1,
318,99,4.4,1.29,10.3,7.53,5.77,5.08,4.49,LB,1,
320,1,7.41,2.16,14.07,10.22,8.24,7.15,5.28,LU,1,DA
320,28,7.44,2.19,14.26,10.42,8.19,7.18,5.32,LU,1,
320,29,7.38,2.16,14.12,10.24,8.17,7.09,5.27,LU,1,
320,30,7.5,2.18,14.23,10.38,8.11,7.12,5.32,LU,1,
320,2,7.36,1.85,15.03,10.44,8.35,7.29,5.2,LU,1,AA
320,31,7.34,1.87,14.82,10.44,8.54,7.28,5.21,LU,1,
320,32,7.26,1.89,14.78,10.29,8.37,7.24,5.17,LU,1,
320,33,7.35,1.85,15.04,10.29,8.45,7.26,5.19,LU,1,
320,8,7.15,2.09,14.93,10.75,8.5,6.41,5.4,LU,1,
320,34,7.26,2.09,15.16,10.81,8.47,6.46,5.4,LU,1,
320,35,7.15,2.06,15.1,10.75,8.45,6.5,5.41,LU,1,
320,36,7.24,2.1,14.91,10.8,8.5,6.48,5.39,LU,1,
320,9,6.59,2.02,13.81,10.78,8.33,6.13,5.38,LU,1,
320,37,6.66,2.04,13.99,10.84,8.24,6.15,5.43,LU,1,
320,38,6.67,2,13.85,10.74,8.35,6.1,5.42,LU,1,
320,39,6.55,2,13.93,10.93,8.37,6.19,5.4,LU,1,
320,10,6.34,2.11,13.22,9.83,7.69,5.58,5.17,LU,1,
320,40,6.43,2.1,13.15,9.8,7.63,5.58,5.15,LU,1,
320,41,6.43,2.12,13.31,9.9,7.71,5.52,5.19,LU,1,
320,42,6.37,2.11,13.33,9.91,7.73,5.58,5.2,LU,1,
320,11,6.08,1.67,12.69,9.22,7.34,5.61,5.32,LU,1,
320,43,6.05,1.71,12.94,9.19,7.47,5.56,5.3,LU,1,
320,44,5.96,1.71,12.78,9.11,7.33,5.65,5.33,LU,1,
320,45,6.04,1.66,12.77,9.14,7.43,5.61,5.34,LU,1,
320,12,5.66,1.87,11.47,8.87,6.5,5.03,5.07,LU,1,
320,46,5.8,1.86,11.42,8.92,6.48,5.02,5.08,LU,1,
320,47,5.79,1.85,11.3,8.8,6.52,4.94,5.09,LU,1,
320,48,5.73,1.89,11.38,8.78,6.45,4.98,5.08,LU,1,
320,13,5.56,1.63,11.39,8.7,6.91,5.36,5.09,LU,1,
320,49,5.65,1.58,11.48,8.91,6.87,5.28,5.08,LU,1,
320,50,5.61,1.6,11.66,8.77,6.81,5.34,5.1,LU,1,
320,51,5.62,1.63,11.54,8.77,6.95,5.3,5.14,LU,1,
320,14,7.02,2.04,14.62,10.62,8.38,6.62,5.27,LU,1,
320,52,6.91,2.06,14.62,10.45,8.49,6.59,5.26,LU,1,
320,53,6.93,2.03,14.61,10.55,8.46,6.59,5.25,LU,1,
320,54,6.97,2.05,14.56,10.44,8.4,6.6,5.22,LU,1,
320,15,5.73,1.94,12.55,9.71,7.76,6,5.25,LU,1,
320,55,5.72,1.98,12.57,9.67,7.61,5.96,5.22,LU,1,
320,56,5.89,1.98,12.56,9.61,7.63,6,5.23,LU,1,
320,57,5.73,1.97,12.69,9.7,7.72,5.99,5.22,LU,1,
320,16,7.86,2.92,16.44,12.71,9.5,7.44,5.87,LU,1,
320,58,7.96,2.93,16.4,12.89,9.42,7.49,5.83,LU,1,
320,59,7.9,2.93,16.22,12.75,9.46,7.41,5.86,LU,1,
320,60,7.87,2.88,16.41,12.76,9.42,7.48,5.88,LU,1,
320,17,6.32,1.79,12.93,10.27,7.67,6.2,5.14,LU,1,
320,61,6.25,1.74,12.86,10.3,7.57,6.22,5.15,LU,1,
320,62,6.23,1.76,13.03,10.21,7.52,6.23,5.14,LU,1,
320,63,6.29,1.78,13.08,10.43,7.64,6.19,5.14,LU,1,
320,18,6.11,1.93,12.6,9.64,7.5,5.78,5.56,LU,1,
320,64,6.02,1.93,12.62,9.68,7.4,5.81,5.55,LU,1,
320,65,6.04,1.9,12.58,9.63,7.58,5.81,5.56,LU,1,
320,66,6.1,1.95,12.53,9.74,7.56,5.82,5.51,LU,1,
320,19,6.13,2.07,11.79,9.71,7.02,5.03,5.27,LU,1,
320,67,6.17,2.04,11.69,9.66,6.84,4.97,5.24,LU,1,
320,68,6.17,2.03,11.68,9.79,6.99,5.02,5.29,LU,1,
320,69,6.11,2.04,11.75,9.81,6.95,4.97,5.25,LU,1,
320,20,5.91,1.86,11.84,9.56,7.01,5.8,5.11,LU,0,
320,70,5.99,1.87,11.66,9.46,6.98,5.78,5.1,LU,0,
320,71,6.04,1.91,11.78,9.46,6.89,5.85,5.12,LU,0,
320,72,6.03,1.9,11.7,9.36,7.01,5.85,5.12,LU,0,
320,21,5.73,1.71,11.46,9.11,6.79,5.22,5.03,LU,0,
320,73,5.79,1.7,11.57,9.11,6.84,5.12,5.04,LU,0,
320,74,5.73,1.7,11.64,9.12,6.82,5.12,5.03,LU,0,
320,75,5.75,1.68,11.46,8.88,6.78,5.14,5.02,LU,0,
320,22,7.32,2.22,15.11,11.54,8.56,7.05,5.41,LU,1,
320,76,7.2,2.21,15.01,11.57,8.6,7,5.42,LU,1,
320,77,7.23,2.2,15.05,11.73,8.69,7.06,5.44,LU,1,
320,78,7.31,2.18,15.13,11.59,8.66,7.07,5.42,LU,1,
320,23,5.32,1.33,11.41,7.8,6.25,5.21,4.83,LU,0,
320,79,5.39,1.32,11.55,7.58,6.3,5.12,4.87,LU,0,
320,80,5.4,1.31,11.57,7.78,6.19,5.11,4.84,LU,0,
320,81,5.3,1.31,11.25,7.66,6.13,5.1,4.88,LU,0,
320,24,5.28,1.46,11.43,8.86,6.97,5.39,4.91,LU,1,
320,82,5.42,1.46,11.5,8.88,6.96,5.48,4.88,LU,1,
320,83,5.41,1.48,11.46,8.95,7.01,5.42,4.9,LU,1,
320,84,5.3,1.5,11.55,8.85,7.05,5.49,4.94,LU,1,
320,25,6.1,2.35,11.21,9.49,6.08,5.52,5.29,LU,0,
320,85,5.99,2.32,11.21,9.52,6,5.5,5.3,LU,0,
320,86,5.99,2.35,11.33,9.32,5.99,5.59,5.3,LU,0,
320,87,6.08,2.31,11.4,9.39,6.07,5.53,5.34,LU,0,
320,26,6.33,2.13,11.99,9.35,7.12,5.64,5.27,LU,0,
320,88,6.4,2.11,12.15,9.33,7.11,5.67,5.25,LU,0,
320,89,6.26,2.1,11.93,9.53,7.07,5.59,5.28,LU,0,
320,90,6.35,2.14,12.13,9.42,7.22,5.59,5.23,LU,0,
320,27,5.05,1.28,10.68,7.88,6.78,5.27,4.72,LU,0,
320,91,5.05,1.29,10.47,7.98,6.82,5.27,4.7,LU,0,
320,92,5.03,1.3,10.48,8.02,6.76,5.31,4.71,LU,0,
320,93,4.94,1.24,10.63,8.03,6.72,5.31,4.75,LU,0,
331,1,6.35,1.47,13.67,9.72,7.67,7.01,4.78,LU,1,BA
331,15,6.29,1.47,13.9,9.89,7.75,7.02,4.82,LU,1,
331,16,6.25,1.44,13.97,9.84,7.86,6.93,4.79,LU,1,
331,17,6.38,1.47,13.73,9.83,7.86,7,4.79,LU,1,
331,2,5.99,1.28,13.38,9.28,7.38,6.9,4.82,LU,1,BA
331,18,5.93,1.28,13.39,9.37,7.47,6.83,4.8,LU,1,
331,19,5.95,1.24,13.56,9.48,7.36,6.84,4.78,LU,1,
331,20,5.84,1.23,13.43,9.3,7.38,6.95,4.81,LU,1,
331,3,6.03,0.82,13.92,9.22,7.8,7.36,4.95,LU,1,AA
331,21,6.1,0.8,14.03,9.05,7.85,7.29,4.96,LU,1,
331,22,6.11,0.82,13.81,9.12,7.85,7.29,4.92,LU,1,
331,23,6.06,0.81,13.97,9.17,7.91,7.4,4.97,LU,1,
331,4,6.03,1.68,13.16,9.52,7.5,6.28,5.2,LU,1,BA
331,24,6.11,1.68,13.26,9.7,7.47,6.25,5.19,LU,1,
331,25,6.07,1.7,13.36,9.55,7.67,6.31,5.2,LU,1,
331,26,6.12,1.66,13.06,9.65,7.59,6.31,5.19,LU,1,
331,7,7.26,2.14,15.12,11.65,9.24,7.27,5.33,LU,1,
331,27,7.29,2.14,15.12,11.66,9.17,7.3,5.36,LU,1,
331,28,7.34,2.15,15.31,11.58,9.26,7.23,5.35,LU,1,
331,29,7.3,2.16,15.27,11.46,9.22,7.27,5.31,LU,1,
331,8,7.26,1.71,15.73,11.1,9.83,7.13,5.21,LU,1,
331,30,7.17,1.7,15.9,10.97,9.98,7.2,5.2,LU,1,
331,31,7.15,1.69,15.91,10.97,9.96,7.12,5.22,LU,1,
331,32,7.22,1.73,15.97,11,10.01,7.19,5.18,LU,1,
331,9,7.4,1.85,15.62,11.03,9.02,6.79,5.54,LU,1,
331,33,7.3,1.84,15.38,10.9,8.89,6.8,5.56,LU,1,
331,34,7.34,1.83,15.53,10.83,8.87,6.84,5.56,LU,1,
331,35,7.33,1.85,15.5,10.95,8.85,6.82,5.54,LU,1,
331,10,6.78,2.13,14.1,10.76,8.78,6.63,5.37,LU,1,
331,36,6.8,2.1,14,10.66,8.71,6.74,5.34,LU,1,
331,37,6.76,2.12,13.95,10.68,8.68,6.7,5.36,LU,1,
331,38,6.67,2.14,13.9,10.57,8.82,6.73,5.35,LU,1,
331,11,6.55,1.57,13.69,9.73,7.76,5.86,4.98,LU,1,
331,39,6.55,1.56,13.66,9.74,7.91,5.89,4.97,LU,1,
331,40,6.42,1.55,13.79,9.88,7.73,5.83,4.97,LU,1,
331,41,6.56,1.53,13.48,9.73,7.8,5.86,4.99,LU,1,
331,12,6.25,1.74,12.46,9.11,7.21,5.48,4.96,LU,0,
331,42,6.31,1.77,12.6,9.11,7.18,5.44,4.97,LU,0,
331,43,6.26,1.76,12.61,9.13,7.04,5.43,4.97,LU,0,
331,44,6.2,1.76,12.6,9.05,7.07,5.39,4.99,LU,0,
331,13,5.27,1.13,11.42,7.99,6.77,5.11,5.12,LU,0,
331,45,5.23,1.11,11.43,8.06,6.76,5.14,5.12,LU,0,
331,46,5.36,1.14,11.68,8.08,6.83,5.15,5.09,LU,0,
331,47,5.29,1.11,11.56,8.06,6.75,5.05,5.1,LU,0,
331,14,5,1.38,10.94,8.35,6.83,5.74,4.88,LU,0,
331,48,4.85,1.43,11.07,8.43,6.85,5.74,4.86,LU,0,
331,49,4.83,1.43,11.11,8.5,6.8,5.77,4.91,LU,0,
331,50,4.94,1.42,10.99,8.41,6.87,5.84,4.9,LU,0,
335,1,7.03,1.9,14.99,11.17,8.21,8.01,5.28,LU,1,AA
335,4,6.93,1.93,15.14,11.22,8.35,7.91,5.22,LU,1,
335,5,7.02,1.95,15.08,11.07,8.31,7.98,5.27,LU,1,
335,6,7.05,1.91,14.94,11.09,8.29,7.95,5.24,LU,1,
335,2,6.8,2.25,15.53,11.05,8.35,7.43,5.06,LB,1,CA
335,7,6.9,2.27,15.5,11.06,8.45,7.37,5.02,LB,1,
335,8,6.75,2.31,15.44,10.97,8.3,7.45,5.07,LB,1,
335,9,6.81,2.29,15.49,11.04,8.31,7.39,5.03,LB,1,
335,3,7.04,1.71,17.09,12.29,9.54,8.99,5.23,LB,1,CA
335,10,7.22,1.75,16.97,12.32,9.51,8.94,5.25,LB,1,
335,11,7.07,1.72,16.82,12.37,9.49,9.03,5.28,LB,1,
335,12,7.19,1.72,16.95,12.27,9.61,8.94,5.24,LB,1,
344,1,5.43,1.2,12.22,8.74,5.77,6.05,4.7,LB,0,AA
344,3,5.38,1.19,12.28,8.71,5.94,6.12,4.72,LB,0,
344,4,5.49,1.18,12.35,8.58,5.8,6.11,4.71,LB,0,
344,5,5.33,1.17,12.21,8.78,5.94,6.06,4.7,LB,0,
344,2,5.67,1.28,11.94,8.64,7.45,6.14,4.97,LU,1,AA
344,6,5.71,1.28,11.71,8.73,7.41,6.2,4.94,LU,1,
344,7,5.67,1.26,11.69,8.64,7.31,6.23,4.95,LU,1,
344,8,5.69,1.31,11.84,8.79,7.38,6.18,4.96,LU,1,
352,1,6.83,1.82,14.64,10.94,8.74,6.84,5.25,LU,1,
352,2,6.86,1.82,14.86,11.01,8.9,6.85,5.23,LU,1,
352,3,6.78,1.82,14.71,10.96,8.91,6.76,5.23,LU,1,
352,4,6.8,1.82,14.74,10.87,8.75,6.77,5.28,LU,1,
355,1,7.22,2.07,15.99,11.28,8.75,7.27,5.62,LB,1,
355,6,7.32,2.08,15.82,11.45,8.75,7.24,5.63,LB,1,
355,7,7.29,2.08,15.74,11.21,8.75,7.21,5.64,LB,1,
355,8,7.29,2.08,15.99,11.39,8.79,7.23,5.67,LB,1,
355,2,7.16,2.22,14.55,11.33,7.46,6.7,5.68,LU,0,
355,9,7.12,2.23,14.65,11.31,7.54,6.57,5.65,LU,0,
355,10,7.19,2.24,14.62,11.34,7.57,6.69,5.65,LU,0,
355,11,7.03,2.21,14.59,11.18,7.54,6.66,5.67,LU,0,
355,3,5.78,1.57,11.74,9.08,6.46,5.75,4.93,LU,0,
355,12,5.79,1.55,11.75,9.14,6.55,5.72,4.94,LU,0,
355,13,5.76,1.59,11.7,8.99,6.35,5.81,4.92,LU,0,
355,14,5.78,1.58,11.9,9.16,6.34,5.74,4.92,LU,0,
355,4,6.48,1.94,12.87,9.54,7.12,5.58,5.45,LB,1,
355,15,6.48,1.93,12.83,9.65,7.17,5.66,5.44,LB,1,
355,16,6.33,1.9,12.98,9.54,7.22,5.66,5.42,LB,1,
355,17,6.41,1.9,12.89,9.64,7.11,5.57,5.47,LB,1,
355,5,5.11,1.27,10.71,7.37,5.64,5.03,4.75,LU,0,
355,18,5.01,1.25,10.83,7.4,5.73,5.01,4.77,LU,0,
355,19,5.02,1.25,10.61,7.53,5.65,5.02,4.74,LU,0,
355,20,5.08,1.24,10.81,7.38,5.67,5.06,4.73,LU,0,
359,1,7.79,2.21,15.96,11.68,9.81,8.07,5.77,LU,1,GE
359,17,7.8,2.17,15.78,11.62,9.75,8.12,5.72,LU,1,
359,18,7.78,2.2,15.82,11.69,9.75,8.06,5.76,LU,1,
359,19,7.72,2.21,15.83,11.75,9.9,8.14,5.76,LU,1,
359,2,7.96,2.4,16.24,12.3,9.61,8.4,5.44,LU,1,GE
359,20,7.85,2.44,16.09,12.33,9.68,8.43,5.44,LU,1,
359,21,7.99,2.44,16.12,12.18,9.69,8.33,5.48,LU,1,
359,22,7.98,2.41,16.33,12.36,9.68,8.38,5.46,LU,1,
359,3,7.53,0.98,14.78,10.4,8.2,7.35,5.25,LU,1,GD
359,23,7.45,0.98,14.7,10.36,8.04,7.3,5.24,LU,1,
359,24,7.53,1.02,14.81,10.36,8,7.36,5.24,LU,1,
359,25,7.48,1.01,14.64,10.31,8.09,7.34,5.27,LU,1,
359,4,7.19,2.06,14.99,11.05,8.05,6.81,5.31,LU,1,EA
359,26,7.1,2.04,14.86,11.07,7.92,6.77,5.29,LU,1,
359,27,7.04,2.05,15.02,10.96,8.08,6.82,5.3,LU,1,
359,28,7.02,2.06,14.83,10.96,8.07,6.74,5.31,LU,1,
359,5,6.82,1.58,14.11,9.64,7.57,7.28,5.26,LU,1,AB
359,29,6.88,1.59,14.13,9.83,7.61,7.21,5.24,LU,1,
359,30,6.77,1.58,14,9.78,7.69,7.19,5.25,LU,1,
359,31,6.9,1.62,13.91,9.66,7.72,7.23,5.24,LU,1,
359,12,7.05,1.91,15.3,10.88,9.31,7.24,5.39,LU,1,
359,32,7.05,1.91,15.22,10.93,9.33,7.27,5.41,LU,1,
359,33,7.16,1.88,15.27,10.99,9.39,7.18,5.39,LU,1,
359,34,7.09,1.87,15.38,10.91,9.28,7.24,5.39,LU,1,
359,13,6.73,1.89,14.12,10.21,8.32,6.25,5.26,LU,0,
359,35,6.84,1.91,14.05,10.43,8.3,6.28,5.27,LU,0,
359,36,6.78,1.91,14.04,10.36,8.36,6.27,5.28,LU,0,
359,37,6.79,1.91,14.01,10.25,8.36,6.22,5.28,LU,0,
359,14,7.09,2.26,14.22,11.06,8.05,6.93,5.57,LU,0,
359,38,6.96,2.3,14.11,11.14,8,6.9,5.58,LU,0,
359,39,6.97,2.29,14.15,11.11,8.11,6.89,5.58,LU,0,
359,40,6.96,2.27,14.34,11.08,7.97,6.97,5.57,LU,0,
359,15,5.9,1.66,12.7,9.24,7.29,6.12,5.28,LU,0,
359,41,5.9,1.68,12.77,9.4,7.28,6.17,5.28,LU,0,
359,42,5.93,1.66,12.65,9.35,7.38,6.16,5.26,LU,0,
359,43,5.95,1.64,12.6,9.4,7.28,6.08,5.26,LU,0,
359,16,6.58,2.03,12.49,9.96,7.59,6.19,5.28,LU,0,
359,44,6.5,2.04,12.56,10.12,7.57,6.08,5.28,LU,0,
359,45,6.53,2.07,12.63,10.02,7.52,6.08,5.31,LU,0,
359,46,6.57,2.03,12.58,9.92,7.67,6.11,5.32,LU,0,
385,1,6.34,1.69,14.01,9.8,7.69,6.04,5.03,LB,1,
385,23,6.19,1.65,13.82,9.8,7.66,6.03,5,LB,1,
385,24,6.33,1.69,13.88,9.79,7.73,6.1,4.99,LB,1,
385,25,6.27,1.64,14.04,9.72,7.64,6.07,5.05,LB,1,
385,2,7.29,2.09,15.09,11.14,8.89,6.5,5.33,LB,1,AA
385,26,7.38,2.1,15.14,11.3,8.96,6.46,5.32,LB,1,
385,27,7.35,2.08,14.92,11.23,8.9,6.45,5.32,LB,1,
385,28,7.38,2.1,15.1,11.11,9.04,6.45,5.34,LB,1,
385,3,6.15,1.41,14.03,9.45,8.07,6.12,5.11,LB,1,HG
385,29,6.05,1.39,14.26,9.44,7.96,6.11,5.06,LB,1,
385,30,6.17,1.39,14.22,9.34,7.97,6.08,5.11,LB,1,
385,31,6.14,1.41,14.19,9.32,8.08,6.09,5.06,LB,1,
385,4,6.22,1.59,12.87,9.82,7.32,6.3,5.31,LB,0,
385,32,6.33,1.59,12.93,9.83,7.4,6.29,5.27,LB,0,
385,33,6.18,1.61,12.94,9.93,7.35,6.29,5.29,LB,0,
385,34,6.32,1.6,12.75,9.85,7.34,6.35,5.29,LB,0,
385,5,6.25,1.52,14.38,9.87,8.57,6.59,5.23,LB,1,HG
385,35,6.31,1.56,14.54,9.94,8.57,6.56,5.19,LB,1,
385,36,6.28,1.55,14.33,9.78,8.55,6.66,5.23,LB,1,
385,37,6.21,1.52,14.28,9.8,8.47,6.58,5.18,LB,1,
385,6,5.35,1.17,12,8.89,7.06,6.02,4.86,LB,0,
385,38,5.36,1.2,11.87,8.72,7.04,6.03,4.9,LB,0,
385,39,5.36,1.19,12.1,8.94,6.88,5.96,4.89,LB,0,
385,40,5.39,1.18,11.93,8.79,6.91,5.98,4.86,LB,0,
385,7,6.5,1.72,13.95,10.36,8.29,6.48,5.35,LU,1,HG
385,41,6.5,1.73,14.07,10.41,8.33,6.57,5.32,LU,1,
385,42,6.42,1.75,14,10.25,8.22,6.45,5.33,LU,1,
385,43,6.33,1.73,13.74,10.35,8.23,6.51,5.31,LU,1,
385,8,6.17,1.8,12.44,9.58,7.16,5.79,5.23,LU,1,
385,44,6.26,1.79,12.47,9.63,7.08,5.68,5.23,LU,1,
385,45,6.24,1.84,12.53,9.58,7.19,5.68,5.23,LU,1,
385,46,6.2,1.79,12.61,9.45,7.13,5.67,5.2,LU,1,
385,9,6.74,2.02,13.54,10.11,7.83,5.48,5.28,LB,1,AA
385,47,6.67,2.04,13.58,10.23,7.85,5.42,5.32,LB,1,
385,48,6.81,1.98,13.71,10,7.76,5.41,5.28,LB,1,
385,49,6.7,2.02,13.69,10.18,7.66,5.49,5.31,LB,1,
385,11,7.52,2.13,14.71,11.02,8.39,6.26,5.42,LB,1,
385,50,7.4,2.13,14.63,11.02,8.33,6.35,5.47,LB,1,
385,51,7.48,2.1,14.55,10.89,8.22,6.23,5.48,LB,1,
385,52,7.4,2.13,14.49,10.89,8.29,6.33,5.45,LB,1,
385,12,6.84,1.66,16,11.32,9.64,7.35,5.17,LU,1,
385,53,6.94,1.72,15.91,11.18,9.69,7.33,5.16,LU,1,
385,54,6.87,1.69,15.81,11.35,9.59,7.34,5.17,LU,1,
385,55,6.89,1.67,16,11.32,9.6,7.31,5.19,LU,1,
385,17,7.1,1.82,14.58,10.61,8.22,6.5,5.23,LU,1,
385,56,7.15,1.81,14.47,10.64,8.11,6.42,5.22,LU,1,
385,57,7.14,1.83,14.53,10.57,8.17,6.47,5.26,LU,1,
385,58,7.13,1.82,14.53,10.43,8.26,6.44,5.26,LU,1,
385,18,6.24,1.67,12.72,9.46,7.29,5.65,5.1,LU,1,
385,59,6.14,1.68,12.76,9.44,7.39,5.73,5.1,LU,1,
385,60,6.09,1.71,12.76,9.4,7.45,5.65,5.11,LU,1,
385,61,6.11,1.69,12.74,9.31,7.45,5.7,5.1,LU,1,
385,19,6.12,1.8,13.49,9.67,7.99,5.47,5.43,LU,1,
385,62,6.19,1.78,13.46,9.51,7.94,5.52,5.4,LU,1,
385,63,6.11,1.74,13.62,9.66,7.94,5.52,5.43,LU,1,
385,64,6.05,1.79,13.35,9.58,7.97,5.54,5.39,LU,1,
385,20,6.3,1.85,13.23,9.75,7.55,5.83,4.96,LU,1,
385,65,6.36,1.81,13.14,9.89,7.72,5.79,4.98,LU,1,
385,66,6.24,1.86,13.11,9.79,7.59,5.8,4.97,LU,1,
385,67,6.32,1.82,13.09,9.94,7.61,5.83,4.99,LU,1,
385,21,4.88,1.22,10.85,8.04,6.76,5.12,4.82,LU,0,
385,68,4.89,1.22,10.7,8.09,6.7,5.2,4.8,LU,0,
385,69,4.9,1.25,10.76,8.06,6.85,5.08,4.83,LU,0,
385,70,4.9,1.22,10.8,8.12,6.81,5.13,4.8,LU,0,
385,22,5.16,1.43,11.25,7.9,6.27,4.75,4.98,DU,1,
385,71,5.25,1.43,11.21,8.11,6.41,4.72,4.98,DU,1,
385,72,5.24,1.45,11.25,7.91,6.26,4.65,4.96,DU,1,
385,73,5.27,1.47,11.25,8.03,6.23,4.74,4.99,DU,1,
394,3,5.22,2.44,17.05,12.7,10.06,8.07,5.54,LU,1,
394,6,5.29,2.42,16.91,12.7,10.08,8.05,5.56,LU,1,
394,7,5.3,2.44,16.85,12.79,10.09,8.14,5.51,LU,1,
394,8,5.19,2.41,16.92,12.78,10.24,8.1,5.53,LU,1,
394,4,6.11,1.56,13.21,10.23,7.61,7.13,4.9,LU,0,
394,9,6.2,1.62,13.19,10.36,7.66,7.15,4.91,LU,0,
394,10,6.22,1.56,13.35,10.22,7.66,7.15,4.92,LU,0,
394,11,6.14,1.57,13.36,10.37,7.67,7.14,4.89,LU,0,
394,5,5.24,1.28,12.27,9.37,7.6,6.78,4.89,LB,0,
394,12,5.22,1.3,12.17,9.32,7.41,6.75,4.94,LB,0,
394,13,5.22,1.31,12.34,9.36,7.52,6.71,4.91,LB,0,
394,14,5.24,1.32,12.24,9.45,7.48,6.71,4.94,LB,0,
404,2,7.05,1.57,16.3,11.82,9.33,8.18,5.26,LU,1,
404,23,7.06,1.58,16.4,11.67,9.26,8.1,5.29,LU,1,
404,24,7.06,1.56,16.45,11.69,9.43,8.22,5.26,LU,1,
404,25,7.05,1.57,16.24,11.61,9.42,8.13,5.23,LU,1,
404,3,7.16,1.52,16.58,11.1,9.37,7.47,5.24,LU,1,
404,26,7.22,1.53,16.46,11.26,9.47,7.46,5.26,LU,1,
404,27,7.1,1.49,16.38,11.26,9.42,7.53,5.25,LU,1,
404,28,7.21,1.54,16.48,11.22,9.39,7.44,5.27,LU,1,
404,4,6.53,1.79,14.26,10.78,8.27,6.7,5.18,LB,1,
404,29,6.55,1.83,14.21,10.57,8.23,6.77,5.18,LB,1,
404,30,6.64,1.84,14.1,10.55,8.36,6.72,5.16,LB,1,
404,31,6.69,1.78,14.16,10.79,8.27,6.7,5.15,LB,1,
404,5,7.74,1.91,16.16,12.41,9.55,7.83,5.41,LU,1,
404,32,7.78,1.91,16.3,12.51,9.56,7.73,5.43,LU,1,
404,33,7.74,1.95,16.14,12.39,9.62,7.79,5.42,LU,1,
404,34,7.65,1.94,16.04,12.37,9.62,7.82,5.42,LU,1,
404,6,6.92,1.78,15.15,10.97,8.76,7.08,5.09,LU,1,
404,35,6.93,1.76,14.99,10.95,8.7,7.13,5.09,LU,1,
404,36,6.98,1.78,15.11,10.98,8.84,7.09,5.08,LU,1,
404,37,6.98,1.75,14.85,10.79,8.69,7.11,5.11,LU,1,
404,7,7.59,2.33,15.68,13.27,10.02,7.81,5.74,LU,1,
404,38,7.53,2.32,15.86,13.19,10.14,7.72,5.74,LU,1,
404,39,7.67,2.32,15.68,13.18,10.12,7.78,5.74,LU,1,
404,40,7.67,2.33,15.78,13.28,9.97,7.73,5.73,LU,1,
404,8,6.52,1.9,13.8,10.55,8.71,6.5,4.88,LU,1,
404,41,6.48,1.95,13.93,10.52,8.69,6.6,4.91,LU,1,
404,42,6.55,1.95,13.99,10.51,8.53,6.54,4.93,LU,1,
404,43,6.55,1.9,13.83,10.49,8.52,6.5,4.87,LU,1,
404,9,7.51,2.51,15.45,11.94,9.25,7.25,5.39,LU,1,
404,44,7.46,2.49,15.63,12.03,9.29,7.29,5.36,LU,1,
404,45,7.47,2.51,15.38,12.02,9.32,7.35,5.35,LU,1,
404,46,7.52,2.49,15.39,11.97,9.32,7.25,5.37,LU,1,
404,10,7.14,1.9,16.35,11.73,9.83,7.73,5.41,LU,1,
404,47,7.09,1.89,16.39,11.78,9.7,7.7,5.39,LU,1,
404,48,7.16,1.9,16.34,11.78,9.8,7.68,5.42,LU,1,
404,49,7.09,1.94,16.37,11.62,9.85,7.69,5.41,LU,1,
404,11,7.12,1.98,14.71,10.94,8.3,6.62,5.13,LU,1,
404,50,7.07,2,14.56,10.88,8.24,6.69,5.15,LU,1,
404,51,7.02,1.95,14.73,10.81,8.34,6.66,5.12,LU,1,
404,52,7.03,1.96,14.69,10.96,8.31,6.58,5.13,LU,1,
404,12,6.21,1.55,14.31,10.53,8.07,7.32,5.29,LU,1,
404,53,6.22,1.5,14.43,10.59,8.07,7.36,5.3,LU,1,
404,54,6.23,1.5,14.3,10.57,8.04,7.31,5.28,LU,1,
404,55,6.27,1.54,14.61,10.59,8.11,7.31,5.28,LU,1,
404,13,6.87,1.59,16.19,10.87,9.8,7.58,5.06,LU,0,
404,56,6.91,1.57,15.91,10.86,9.88,7.54,5.05,LU,0,
404,57,6.95,1.56,16.09,11,9.81,7.61,5.09,LU,0,
404,58,6.94,1.57,16.1,10.84,9.93,7.55,5.07,LU,0,
404,14,6.79,2,14.66,11.05,9.45,6.97,5.14,LU,0,
404,59,6.67,1.97,14.71,11.16,9.38,6.94,5.16,LU,0,
404,60,6.71,1.96,14.82,11.23,9.33,6.92,5.14,LU,0,
404,61,6.78,2,14.78,11.12,9.44,6.91,5.15,LU,0,
404,15,6.7,1.74,15.59,11.22,9.12,7.38,5.26,LU,0,
404,62,6.75,1.77,15.7,11.12,9.25,7.31,5.24,LU,0,
404,63,6.65,1.74,15.65,11.11,9.07,7.42,5.24,LU,0,
404,64,6.63,1.77,15.6,11.35,9.13,7.35,5.24,LU,0,
404,16,6.93,1.82,15.16,11.01,8.6,6.94,5.14,LB,0,
404,65,7.02,1.81,15.17,10.9,8.56,6.91,5.13,LB,0,
404,66,6.91,1.8,15.16,10.86,8.62,6.91,5.14,LB,0,
404,67,7.04,1.83,15.04,11.01,8.59,6.94,5.15,LB,0,
404,17,7.01,1.76,14.91,11.07,8.82,6.93,5.26,LU,0,
404,68,6.88,1.81,14.92,11.08,8.92,6.89,5.26,LU,0,
404,69,6.88,1.78,14.96,11.04,8.79,6.88,5.26,LU,0,
404,70,7,1.81,15.04,10.91,8.94,6.81,5.27,LU,0,
404,18,7.06,1.76,15.43,11.11,9.19,7.13,5.08,LU,0,
404,71,6.95,1.79,15.42,11,9.34,7.18,5.06,LU,0,
404,72,6.99,1.77,15.56,11.03,9.31,7.22,5.06,LU,0,
404,73,7.05,1.75,15.62,10.97,9.16,7.13,5.09,LU,0,
404,19,7.61,2.1,14.76,11.46,8.76,6.67,5.49,LU,0,
404,74,7.53,2.12,14.95,11.49,8.9,6.75,5.51,LU,0,
404,75,7.56,2.09,14.8,11.53,8.82,6.74,5.51,LU,0,
404,76,7.7,2.1,14.73,11.68,8.82,6.68,5.46,LU,0,
404,20,7.63,2.05,16.38,11.75,9.52,7.56,5.19,LU,0,
404,77,7.7,2.01,16.22,11.78,9.5,7.5,5.16,LU,0,
404,78,7.63,2.02,16.48,11.76,9.58,7.53,5.15,LU,0,
404,79,7.65,2,16.34,11.89,9.66,7.57,5.16,LU,0,
404,21,7.93,2.6,15.82,12.3,9.65,7.21,5.59,LU,0,
404,80,8.02,2.63,15.8,12.47,9.71,7.26,5.62,LU,0,
404,81,8.04,2.58,15.54,12.4,9.67,7.31,5.63,LU,0,
404,82,7.97,2.62,15.69,12.45,9.73,7.25,5.6,LU,0,
404,22,6.86,1.9,14.26,11.08,8.64,6.9,5.34,LU,1,
404,83,6.76,1.92,14.09,11.1,8.58,6.91,5.32,LU,1,
404,84,6.87,1.87,14.24,10.96,8.48,6.85,5.31,LU,1,
404,85,6.81,1.87,14.26,11.07,8.6,6.89,5.33,LU,1,
422,1,6.09,1.62,12.98,9.27,7.59,5.63,5.1,LU,1,
422,8,5.95,1.65,13.2,9.21,7.51,5.6,5.06,LU,1,
422,9,5.96,1.62,13.19,9.19,7.63,5.65,5.05,LU,1,
422,10,6.08,1.63,13.19,9.22,7.58,5.62,5.11,LU,1,
422,3,5.76,1.64,11.04,8.63,6.21,6.62,4.99,LB,1,AA
422,11,5.84,1.69,10.99,8.58,6.25,6.69,5.05,LB,1,
422,12,5.9,1.67,11.21,8.52,6.32,6.73,5.03,LB,1,
422,13,5.78,1.68,11.26,8.63,6.26,6.65,5.04,LB,1,
422,4,6.69,2.06,12.8,10.39,7.1,6.86,5.37,LU,1,AA
422,14,6.72,2.02,12.92,10.44,7.13,6.89,5.39,LU,1,
422,15,6.74,2.03,12.74,10.47,7.18,6.96,5.37,LU,1,
422,16,6.7,2.03,12.81,10.3,7.27,6.92,5.39,LU,1,
422,5,5.88,1.57,11.83,8.79,7.11,5.3,5.15,LU,0,AA
422,17,5.97,1.62,11.82,8.73,7.12,5.28,5.16,LU,0,
422,18,6.01,1.61,11.59,8.75,7.05,5.21,5.15,LU,0,
422,19,5.97,1.56,11.61,8.61,7.04,5.25,5.15,LU,0,
422,6,4.83,1.09,10.83,7.49,6.34,4.98,4.96,LU,0,JH
422,20,4.84,1.09,10.93,7.39,6.26,5.01,4.97,LU,0,
422,21,4.77,1.1,10.78,7.33,6.36,4.95,4.94,LU,0,
422,22,4.89,1.1,10.67,7.38,6.37,4.94,4.94,LU,0,
422,7,6.1,1.69,13.26,9.37,7.99,5.78,5.27,LU,1,HG
422,23,6.09,1.7,13.2,9.31,8.01,5.86,5.26,LU,1,
422,24,6.13,1.71,13.41,9.2,7.91,5.83,5.28,LU,1,
422,25,6.13,1.72,13.29,9.31,7.95,5.79,5.29,LU,1,
434,3,6.77,2.19,13.68,10.05,7.86,5.51,5.41,LU,1,HG
434,8,6.7,2.2,13.68,9.88,7.88,5.61,5.38,LU,1,
434,9,6.71,2.2,13.77,9.95,7.84,5.55,5.39,LU,1,
434,10,6.64,2.18,13.83,10.01,7.92,5.52,5.41,LU,1,
434,4,6.94,1.96,14.58,10.68,8.48,6.69,5.27,LU,1,KI
434,11,6.91,1.94,14.55,10.77,8.49,6.75,5.25,LU,1,
434,12,6.95,1.91,14.63,10.72,8.47,6.64,5.26,LU,1,
434,13,6.92,1.96,14.74,10.74,8.63,6.64,5.23,LU,1,
434,5,8.1,2.54,15.88,11.95,9.2,6.33,5.84,LU,1,LA
434,14,8.15,2.54,15.84,11.93,9.14,6.3,5.82,LU,1,
434,15,8.04,2.56,15.8,11.86,9.2,6.35,5.86,LU,1,
434,16,8.09,2.53,15.77,11.81,9.12,6.39,5.85,LU,1,
434,6,7.01,2.22,13.93,10.47,8.26,6.04,5.74,LU,1,MG
434,17,7.03,2.27,13.83,10.41,8.12,6.03,5.73,LU,1,
434,18,7.01,2.25,14.02,10.45,8.23,5.97,5.7,LU,1,
434,19,6.94,2.23,13.82,10.4,8.18,6.05,5.75,LU,1,
434,7,6.77,2,13.89,10.33,8.36,6.21,5.26,LU,1,HG
434,20,6.76,1.99,13.95,10.23,8.33,6.24,5.28,LU,1,
434,21,6.72,1.99,13.89,10.28,8.44,6.28,5.3,LU,1,
434,22,6.67,1.98,13.94,10.22,8.35,6.29,5.28,LU,1,
437,3,7.24,2.25,15.55,11.64,9.14,6.71,5.29,LU,1,LA
437,8,7.4,2.24,15.49,11.43,9.08,6.84,5.31,LU,1,
437,9,7.32,2.24,15.3,11.62,9.11,6.84,5.31,LU,1,
437,10,7.35,2.27,15.31,11.59,9.07,6.79,5.32,LU,1,
437,4,6.38,1.61,14.19,9.83,7.7,6.14,5.01,LU,1,LA
437,11,6.38,1.6,13.93,9.85,7.67,6.08,5,LU,1,
437,12,6.34,1.57,13.95,9.89,7.68,6.08,5.02,LU,1,
437,13,6.43,1.63,14.08,9.79,7.72,6.09,5.03,LU,1,
437,5,6.96,2.23,14.1,9.59,7.68,5.81,5.68,LU,1,AA
437,14,6.88,2.2,13.82,9.76,7.85,5.81,5.66,LU,1,
437,15,6.87,2.24,14.05,9.73,7.85,5.71,5.67,LU,1,
437,16,6.91,2.21,14.08,9.66,7.78,5.79,5.67,LU,1,
437,6,5.34,1.14,12.48,8.29,7.28,6.5,4.86,LU,1,AA
437,17,5.28,1.12,12.33,8.27,7.13,6.54,4.85,LU,1,
437,18,5.32,1.13,12.4,8.24,7.11,6.55,4.84,LU,1,
437,19,5.26,1.15,12.19,8.13,7.25,6.57,4.86,LU,1,
437,7,5.73,1.69,13.74,9.16,7.63,7.17,5.08,LU,1,NA
437,20,5.75,1.63,13.45,9.2,7.73,7.18,5.08,LU,1,
437,21,5.73,1.64,13.69,9.15,7.63,7.11,5.07,LU,1,
437,22,5.65,1.63,13.54,9.15,7.66,7.09,5.06,LU,1,
455,3,7.95,2.18,16.85,12.54,9.3,8.7,5.77,LU,1,OA
455,8,8.02,2.23,16.87,12.52,9.25,8.73,5.75,LU,1,
455,9,7.99,2.22,16.85,12.66,9.19,8.75,5.74,LU,1,
455,10,7.97,2.22,16.66,12.59,9.33,8.79,5.76,LU,1,
455,4,8.04,2.2,16.23,11.39,9.6,8.94,5.51,LU,1,AA
455,11,8.06,2.16,16.19,11.36,9.72,8.9,5.48,LU,1,
455,12,8.07,2.18,16.13,11.17,9.76,8.99,5.5,LU,1,
455,13,8,2.14,16.11,11.2,9.72,8.98,5.46,LU,1,
455,5,8.63,2.45,18.27,13.56,10.82,9.66,5.74,LU,1,AA
455,14,8.61,2.47,18.37,13.37,10.85,9.76,5.73,LU,1,
455,15,8.6,2.42,18.44,13.51,10.72,9.73,5.78,LU,1,
455,16,8.64,2.42,18.19,13.37,10.74,9.77,5.74,LU,1,
455,6,7.9,2.36,15.32,12.05,9.16,8.65,5.66,LU,1,AA
455,17,7.87,2.39,15.27,12.14,9.03,8.62,5.62,LU,1,
455,18,7.85,2.36,15.3,12.05,9.22,8.61,5.66,LU,1,
455,19,7.85,2.4,15.28,11.95,9.2,8.64,5.68,LU,1,
455,7,8.31,2.66,17.2,12.55,9.27,8.82,5.83,LU,1,OA
455,20,8.29,2.68,16.99,12.36,9.25,8.73,5.87,LU,1,
455,21,8.31,2.66,16.96,12.56,9.17,8.74,5.86,LU,1,
455,22,8.3,2.69,16.94,12.59,9.16,8.76,5.87,LU,1,
465,3,4.83,1.33,11.03,6.81,5.75,5.79,4.74,LU,1,AA
465,8,4.93,1.31,10.75,6.79,5.79,5.7,4.75,LU,1,
465,9,4.9,1.27,10.96,6.92,5.82,5.82,4.76,LU,1,
465,10,4.98,1.28,11,6.74,5.8,5.81,4.78,LU,1,
465,4,5.08,1.73,10.8,7.41,5.89,5.36,4.89,LU,1,AA
465,11,5.19,1.75,10.66,7.27,5.92,5.42,4.89,LU,1,
465,12,5.13,1.72,10.5,7.31,6.06,5.35,4.92,LU,1,
465,13,5.08,1.78,10.71,7.44,6.08,5.38,4.88,LU,1,
465,5,5.08,1.27,11.59,7.48,6.5,5.59,4.71,LU,1,AA
465,14,5.24,1.29,11.61,7.55,6.44,5.61,4.7,LU,1,
465,15,5.11,1.32,11.39,7.61,6.37,5.69,4.73,LU,1,
465,16,5.2,1.29,11.6,7.56,6.37,5.6,4.68,LU,1,
465,6,5.36,1.47,11.11,7.88,5.49,5.49,4.8,LU,0,AA
465,17,5.22,1.43,11.06,7.97,5.36,5.6,4.8,LU,0,
465,18,5.25,1.48,10.99,7.9,5.45,5.54,4.79,LU,0,
465,19,5.25,1.49,11.08,7.99,5.42,5.55,4.77,LU,0,
465,7,5.2,1.6,10.26,8.16,5.51,5.89,4.89,LU,1,AA
465,20,5.19,1.57,10.49,7.97,5.67,5.81,4.88,LU,1,
465,21,5.09,1.57,10.27,8.13,5.52,5.85,4.87,LU,1,
465,22,5.18,1.6,10.49,8.01,5.7,5.93,4.89,LU,1,
469,3,5.73,1.4,12.66,9.06,6.81,6.54,5,LU,1,AA
469,8,5.64,1.42,12.44,9.02,6.73,6.54,5.04,LU,1,
469,9,5.66,1.39,12.67,8.96,6.75,6.53,5.05,LU,1,
469,10,5.77,1.43,12.46,8.84,6.86,6.49,5.05,LU,1,
469,4,6.08,2.03,13.06,10.32,7.44,6.86,5.4,LU,1,AA
469,11,6.05,2.03,13.14,10.3,7.44,6.92,5.4,LU,1,
469,12,6.16,2.06,13.06,10.39,7.39,6.87,5.35,LU,1,
469,13,6.03,2.05,12.95,10.38,7.4,6.9,5.35,LU,1,
469,5,6.23,1.79,13.12,9.72,7.2,7.07,5.4,DU,1,AA
469,14,6.29,1.83,13.21,9.71,7.15,6.98,5.43,DU,1,
469,15,6.24,1.84,13,9.51,7.26,7.07,5.45,DU,1,
469,16,6.2,1.8,13.24,9.64,7.2,7.04,5.44,DU,1,
469,6,6.57,1.71,14.05,9.46,7.64,7.54,5.31,LU,1,AA
469,17,6.59,1.75,14.29,9.46,7.65,7.5,5.28,LU,1,
469,18,6.54,1.71,14.13,9.5,7.64,7.51,5.32,LU,1,
469,19,6.52,1.73,14.09,9.61,7.74,7.48,5.28,LU,1,
469,7,6.39,1.98,13.14,10,8.18,5.73,5.59,LU,1,
469,20,6.33,1.98,13.11,9.99,8.15,5.75,5.59,LU,1,
469,21,6.45,2,13.07,9.97,8.05,5.73,5.61,LU,1,
469,22,6.4,2,12.94,10.07,7.99,5.76,5.6,LU,1,
472,3,7.68,2.24,15.34,11.65,9.05,8.18,5.75,LU,1,AA
472,8,7.68,2.24,15.61,11.81,8.91,8.23,5.73,LU,1,
472,9,7.7,2.28,15.44,11.74,8.99,8.21,5.73,LU,1,
472,10,7.73,2.23,15.57,11.62,8.92,8.12,5.77,LU,1,
472,4,8.52,2.57,15.96,12.73,9.4,7.38,5.63,LU,1,AA
472,11,8.47,2.53,15.89,12.83,9.51,7.3,5.66,LU,1,
472,12,8.45,2.56,15.95,12.83,9.47,7.38,5.63,LU,1,
472,13,8.43,2.57,15.76,12.79,9.36,7.37,5.62,LU,1,
472,5,7.75,1.92,17.24,12.07,10.26,8.09,5.35,LU,1,AA
472,14,7.85,1.93,17.18,12.23,10.38,8.05,5.38,LU,1,
472,15,7.88,1.95,17.05,12.05,10.26,8.06,5.38,LU,1,
472,16,7.84,1.93,16.98,11.99,10.3,8.17,5.36,LU,1,
472,6,7.44,2.25,15.78,11.89,9.46,7.24,5.49,LU,1,AA
472,17,7.54,2.2,15.73,11.86,9.52,7.16,5.49,LU,1,
472,18,7.43,2.24,15.63,11.75,9.53,7.28,5.46,LU,1,
472,19,7.48,2.21,15.94,11.91,9.51,7.16,5.5,LU,1,
472,7,7.65,2.14,16.32,12.02,9.34,8.22,5.95,LU,1,AA
472,20,7.66,2.17,16.28,11.96,9.18,8.19,5.97,LU,1,
472,21,7.71,2.17,16.18,11.97,9.37,8.15,5.97,LU,1,
472,22,7.61,2.13,16.24,11.99,9.21,8.15,5.93,LU,1,
481,2,6.71,2.18,14.56,10.1,8.36,6.27,5.38,LU,1,AA
481,7,6.75,2.17,14.29,10.01,8.37,6.25,5.44,LU,1,
481,8,6.69,2.16,14.57,10.14,8.36,6.28,5.43,LU,1,
481,9,6.69,2.14,14.27,10.12,8.54,6.26,5.44,LU,1,
481,3,6.21,1.84,13.6,9.56,7.65,5.81,5.24,LU,1,AA
481,10,6.17,1.84,13.46,9.6,7.57,5.84,5.26,LU,1,
481,11,6.21,1.83,13.54,9.65,7.73,5.84,5.24,LU,1,
481,12,6.15,1.83,13.54,9.43,7.59,5.84,5.27,LU,1,
481,4,5.73,1.59,14.56,9.81,8.44,6.58,5.45,LU,1,AA
481,13,5.72,1.59,14.65,9.76,8.58,6.53,5.47,LU,1,
481,14,5.86,1.6,14.56,9.74,8.45,6.56,5.42,LU,1,
481,15,5.78,1.59,14.65,9.69,8.44,6.46,5.44,LU,1,
481,5,6.42,1.87,13.85,10.19,8.13,6.03,5.32,LU,1,AA
481,16,6.43,1.87,13.98,10.14,8.09,6.06,5.34,LU,1,
481,17,6.44,1.84,13.89,10.38,8.07,6.14,5.34,LU,1,
481,18,6.35,1.86,13.89,10.28,8.07,6.11,5.34,LU,1,
481,6,6.45,1.55,14.8,9.46,8.61,6.44,5.14,LU,1,AA
481,19,6.45,1.55,14.78,9.61,8.52,6.34,5.13,LU,1,
481,20,6.42,1.54,14.8,9.51,8.56,6.45,5.16,LU,1,
481,21,6.43,1.52,14.77,9.46,8.69,6.34,5.16,LU,1,
482,1,7.56,2.14,16.86,12.11,9.68,7.74,5.43,LU,1,AA
482,4,7.61,2.12,16.65,12.07,9.57,7.8,5.42,LU,1,
482,5,7.63,2.13,16.78,12.14,9.51,7.8,5.47,LU,1,
482,6,7.6,2.16,16.54,11.99,9.56,7.75,5.47,LU,1,
482,2,5.18,1.34,11.79,8.77,6.69,6.04,5.04,LU,0,AA
482,7,5.25,1.3,11.81,8.68,6.73,6.01,5.07,LU,0,
482,8,5.25,1.31,11.93,8.67,6.69,6.03,5.07,LU,0,
482,9,5.29,1.31,11.91,8.79,6.63,5.95,5.01,LU,0,
482,3,5.55,1.68,11.55,8.3,6.48,5.07,5.01,LU,0,AA
482,10,5.49,1.72,11.25,8.26,6.53,5.08,4.98,LU,0,
482,11,5.6,1.72,11.47,8.22,6.55,5.04,4.99,LU,0,
482,12,5.57,1.71,11.4,8.26,6.56,5.1,5,LU,0,
554,2,6.74,1.86,15.16,11.1,8.31,7.92,5.24,LU,1,AA
554,9,6.87,1.88,15.12,11.02,8.21,7.99,5.25,LU,1,
554,10,6.77,1.84,15.18,10.94,8.28,8,5.24,LU,1,
554,11,6.84,1.87,14.92,10.98,8.31,7.9,5.26,LU,1,
554,3,6.87,1.79,14.91,10.37,8.74,6.68,5.38,LU,1,AA
554,12,6.76,1.8,14.89,10.38,8.61,6.61,5.41,LU,1,
554,13,6.76,1.83,14.74,10.41,8.73,6.56,5.38,LU,1,
554,14,6.76,1.83,14.97,10.52,8.64,6.69,5.38,LU,1,
554,4,5.8,1.5,12.77,9.23,7.56,7.11,4.78,LU,1,AA
554,15,5.92,1.55,12.85,9.27,7.43,7.07,4.79,LU,1,
554,16,5.75,1.51,12.77,9.28,7.42,7.18,4.79,LU,1,
554,17,5.92,1.51,12.76,9.15,7.58,7.11,4.81,LU,1,
554,5,6,1.74,12.77,9.27,7.57,5.82,5.35,LU,0,
554,18,5.97,1.76,12.63,9.49,7.63,5.73,5.36,LU,0,
554,19,5.93,1.75,12.57,9.28,7.5,5.79,5.35,LU,0,
554,20,6,1.71,12.84,9.46,7.44,5.83,5.38,LU,0,
554,6,6.12,1.76,12.47,9.88,7.49,5.81,5.42,LU,1,AA
554,21,6.15,1.75,12.65,9.93,7.51,5.81,5.41,LU,1,
554,22,6.2,1.79,12.57,9.95,7.52,5.86,5.41,LU,1,
554,23,6.16,1.75,12.78,9.97,7.41,5.73,5.37,LU,1,
554,7,6.14,1.96,12.85,9.73,7.65,5.23,5.2,LU,1,
554,24,6.24,1.96,12.85,9.78,7.59,5.29,5.2,LU,1,
554,25,6.12,1.96,12.97,9.71,7.76,5.23,5.25,LU,1,
554,26,6.29,1.93,12.96,9.76,7.58,5.23,5.26,LU,1,
554,8,5.66,1.49,13.46,9.55,8.25,6.26,5.33,LU,1,
554,27,5.59,1.47,13.51,9.58,8.04,6.33,5.34,LU,1,
554,28,5.61,1.5,13.52,9.68,8.18,6.33,5.32,LU,1,
554,29,5.7,1.47,13.38,9.54,8.14,6.33,5.31,LU,1,
