Lote,Individuo,AE,LE,AT,LT,AA,LA,NV,Morfotipo,Ratio_LE_AE,Ratio_LT_AT,Ratio_LA_AA,Ratio_LE_LT,Ratio_AE_AT,Ratio_LA_LT,Ratio_AA_AT,Ratio_LE_LA,Ratio_AE_AA
99,19,6.92,2.1,13.67,10.43,8.23,6.05,5.22,LU,0.3034682080924856,0.7629846378931968,0.7351154313487241,0.20134228187919465,0.5062179956108266,0.5800575263662512,0.6020482809070958,0.34710743801652894,0.8408262454434994
99,20,6.5,1.91,12.51,9.53,6.33,5.8,5.29,LU,0.2938461538461538,0.7617905675459632,0.9162717219589257,0.20041972717733475,0.5195843325339728,0.608604407135362,0.5059952038369304,0.3293103448275862,1.0268562401263823
99,21,6.08,1.74,12.7,9.27,7.59,5.73,5.23,LU,0.28618421052631576,0.7299212598425197,0.7549407114624507,0.1877022653721683,0.478740157480315,0.6181229773462784,0.5976377952755906,0.3036649214659686,0.8010540184453229
99,22,6.5,1.94,12.81,9.8,7.6,5.68,5.26,LU,0.29846153846153844,0.7650273224043717,0.7473684210526316,0.19795918367346937,0.507416081186573,0.5795918367346938,0.5932864949258392,0.3415492957746479,0.8552631578947368
99,23,5.42,1.5,12.17,8.8,7.17,5.57,5.14,LU,0.2767527675276753,0.723089564502876,0.7768479776847979,0.17045454545454544,0.44535743631881675,0.6329545454545454,0.5891536565324569,0.26929982046678635,0.7559274755927475
99,24,6.3,1.9,11.83,9.11,6.8,5.52,5.32,LU,0.30158730158730157,0.7700760777683854,0.8117647058823529,0.20856201975850713,0.5325443786982248,0.605927552140505,0.5748098055790364,0.34420289855072467,0.9264705882352942
99,25,6.3,1.74,12.16,8.96,7.09,5.28,5.27,LU,0.2761904761904762,0.736842105263158,0.7447108603667137,0.19419642857142855,0.5180921052631579,0.5892857142857143,0.5830592105263158,0.32954545454545453,0.8885754583921015
99,26,6.26,2.33,11.32,9.12,6.67,4.81,5.32,LU,0.3722044728434505,0.8056537102473498,0.7211394302848575,0.2554824561403509,0.5530035335689045,0.5274122807017544,0.5892226148409894,0.48440748440748443,0.9385307346326837
99,27,5.92,1.88,11.4,8.65,6.52,5.15,5.19,LU,0.31756756756756754,0.7587719298245614,0.789877300613497,0.21734104046242772,0.519298245614035,0.5953757225433526,0.5719298245614034,0.3650485436893203,0.9079754601226995
101,1,6.66,2.11,12.85,10.08,7.16,6.04,5.21,LU,0.3168168168168168,0.7844357976653696,0.8435754189944134,0.2093253968253968,0.5182879377431907,0.5992063492063492,0.5571984435797666,0.3493377483443708,0.9301675977653632
101,2,6.03,1.5,12.96,9.08,7.25,6.13,5.34,LU,0.24875621890547261,0.7006172839506173,0.8455172413793103,0.16519823788546256,0.4652777777777778,0.6751101321585903,0.5594135802469136,0.24469820554649266,0.8317241379310345
101,3,4.87,1.43,10.18,8.03,6.25,5.11,5.3,LU,0.29363449691991783,0.7888015717092337,0.8176000000000001,0.17808219178082194,0.4783889980353635,0.6363636363636365,0.6139489194499018,0.27984344422700586,0.7792
101,4,6.31,1.72,12.48,9.61,7.09,6.31,5.13,LU,0.27258320126782887,0.7700320512820512,0.8899858956276445,0.17898022892819979,0.5056089743589743,0.6566077003121749,0.5681089743589743,0.27258320126782887,0.8899858956276445
101,5,6.54,2.09,12.91,9.8,7.26,5.3,5.08,LU,0.31957186544342503,0.7591014717273432,0.7300275482093664,0.21326530612244896,0.506584043377227,0.5408163265306122,0.5623547637490317,0.3943396226415094,0.9008264462809917
101,6,4.61,1.06,10.44,7.64,5.91,5.34,5.13,LU,0.2299349240780911,0.7318007662835249,0.9035532994923857,0.1387434554973822,0.4415708812260537,0.6989528795811518,0.5660919540229885,0.19850187265917604,0.7800338409475466
101,7,6.96,2.33,14.3,10.65,8.41,5.95,5.07,LU,0.33477011494252873,0.7447552447552448,0.7074910820451843,0.2187793427230047,0.4867132867132867,0.5586854460093896,0.5881118881118881,0.3915966386554622,0.8275862068965517
101,8,6.76,1.92,13.97,10.1,7.72,5.97,5.14,LU,0.28402366863905326,0.7229778095919828,0.7733160621761658,0.1900990099009901,0.48389405869720825,0.5910891089108911,0.5526127415891195,0.32160804020100503,0.8756476683937824
101,9,7.07,2.24,13.55,10.87,7.97,5.97,4.86,LU,0.31683168316831684,0.8022140221402213,0.7490589711417817,0.20607175712971484,0.5217712177121772,0.5492180312787489,0.5881918819188191,0.3752093802345059,0.8870765370138018
101,10,6.26,2.07,12.68,9.25,7.41,5.01,5.36,LU,0.33067092651757185,0.7294952681388013,0.6761133603238866,0.22378378378378377,0.49369085173501576,0.5416216216216216,0.5843848580441641,0.41317365269461076,0.844804318488529
101,11,6.01,1.83,12.38,9.24,7.37,5.63,4.07,LU,0.30449251247920134,0.7463651050080775,0.7639077340569878,0.19805194805194806,0.4854604200323101,0.6093073593073592,0.5953150242326333,0.325044404973357,0.8154681139755766
101,12,7.96,2.6,15.88,11.67,8.99,7.29,5.11,LU,0.32663316582914576,0.7348866498740554,0.8109010011123471,0.22279348757497858,0.5012594458438286,0.6246786632390745,0.5661209068010076,0.35665294924554186,0.8854282536151279
101,13,6.24,1.53,12.76,9.3,7.82,6.06,5.19,LU,0.24519230769230768,0.7288401253918496,0.7749360613810741,0.16451612903225807,0.4890282131661442,0.6516129032258063,0.6128526645768025,0.2524752475247525,0.7979539641943734
101,14,6.6,2.2,13.27,9.71,7.58,5.24,4.95,LU,0.33333333333333337,0.7317256970610401,0.6912928759894459,0.22657054582904224,0.49736247174076864,0.5396498455200823,0.5712132629992465,0.41984732824427484,0.8707124010554089
101,15,6.09,2.08,13.86,8.97,8.37,5.38,4.93,LU,0.3415435139573071,0.6471861471861473,0.6427718040621266,0.2318840579710145,0.4393939393939394,0.5997770345596432,0.6038961038961038,0.38661710037174724,0.7275985663082438
101,16,5.43,1.49,11.56,8.68,6.52,5.91,5.26,LU,0.27440147329650094,0.7508650519031141,0.9064417177914111,0.1716589861751152,0.46972318339100344,0.6808755760368664,0.5640138408304498,0.2521150592216582,0.8328220858895705
101,17,5.76,1.74,12.26,9.27,7.34,6.2,5.06,LU,0.30208333333333337,0.7561174551386622,0.8446866485013624,0.1877022653721683,0.4698205546492659,0.668824163969795,0.598694942903752,0.2806451612903226,0.784741144414169
101,18,4.64,1.2,10.29,7.75,6.25,5.26,5.21,LU,0.25862068965517243,0.7531584062196308,0.8416,0.15483870967741936,0.4509232264334305,0.6787096774193548,0.6073858114674442,0.22813688212927757,0.7424
101,19,4.66,1.39,10.07,7.29,5.6,4.68,5.26,LU,0.2982832618025751,0.7239324726911619,0.8357142857142857,0.19067215363511658,0.4627606752730884,0.6419753086419753,0.5561072492552135,0.297008547008547,0.8321428571428572
101,20,5.22,1.39,11.36,7.92,6.41,5.5,5.23,LU,0.26628352490421453,0.6971830985915494,0.8580343213728548,0.1755050505050505,0.4595070422535211,0.6944444444444444,0.5642605633802817,0.2527272727272727,0.814352574102964
101,21,5.5,1.85,12.14,8.88,6.83,5.77,4.14,LU,0.33636363636363636,0.7314662273476112,0.8448023426061493,0.20833333333333331,0.4530477759472817,0.6497747747747746,0.5626029654036243,0.32062391681109187,0.8052708638360175
101,22,5.04,1.48,11.37,8.05,6.07,5.47,4.55,LU,0.29365079365079366,0.7080035180299034,0.901153212520593,0.1838509316770186,0.4432717678100264,0.679503105590062,0.5338610378188215,0.27056672760511885,0.8303130148270181
101,23,5.18,1.45,11.76,8.2,6.61,5.63,5.26,LU,0.2799227799227799,0.6972789115646258,0.8517397881996974,0.17682926829268295,0.44047619047619047,0.6865853658536586,0.5620748299319728,0.25754884547069273,0.7836611195158849
101,24,4.71,1.2,10.82,7.58,6.18,5.33,4.1,LU,0.25477707006369427,0.7005545286506469,0.8624595469255664,0.15831134564643798,0.4353049907578558,0.7031662269129287,0.5711645101663586,0.225140712945591,0.7621359223300971
101,25,4.24,1.28,9.34,7.3,5.69,4.79,5.17,LU,0.3018867924528302,0.7815845824411135,0.8418277680140597,0.17534246575342466,0.45396145610278377,0.6561643835616439,0.6092077087794433,0.26722338204592905,0.7451669595782073
101,26,4.86,1.53,10.28,7.72,5.62,4.91,5.09,LU,0.3148148148148148,0.7509727626459144,0.8736654804270463,0.19818652849740934,0.47276264591439693,0.6360103626943006,0.5466926070038911,0.31160896130346233,0.8647686832740213
101,27,5.35,1.73,10.81,9.16,7.09,5.66,5.48,LU,0.3233644859813084,0.8473635522664199,0.7983074753173485,0.1888646288209607,0.4949121184088806,0.6179039301310044,0.6558741905642923,0.30565371024734983,0.7545839210155147
101,28,4.06,1.17,9.17,6.71,5.42,4.58,4.25,LU,0.28817733990147787,0.7317339149400218,0.8450184501845018,0.1743666169895678,0.4427480916030534,0.6825633383010432,0.5910577971646674,0.2554585152838428,0.7490774907749077
101,29,3.96,1.21,8.94,6.77,5.38,4.46,4.3,LU,0.3055555555555555,0.7572706935123042,0.828996282527881,0.17872968980797638,0.4429530201342282,0.6587887740029542,0.6017897091722595,0.2713004484304933,0.7360594795539034
101,30,4.1,1.26,9.2,6.68,5.21,4.46,4.35,LU,0.30731707317073176,0.7260869565217392,0.8560460652591171,0.18862275449101798,0.44565217391304346,0.6676646706586826,0.566304347826087,0.2825112107623318,0.7869481765834933
102,2,5.8,1.62,12.4,8.89,7.37,5.43,4.8,LU,0.2793103448275862,0.7169354838709677,0.7367706919945726,0.18222722159730034,0.46774193548387094,0.6107986501687288,0.5943548387096774,0.2983425414364641,0.7869742198100407
117,1,7.07,1.73,15.04,10.57,8.96,6.67,5.27,LU,0.24469589816124468,0.7027925531914894,0.7444196428571428,0.16367076631977293,0.4700797872340426,0.6310312204351939,0.5957446808510639,0.2593703148425787,0.7890625
122,3,6.34,1.84,13.59,9.66,7.96,5.57,5.25,LU,0.2902208201892745,0.7108167770419426,0.699748743718593,0.1904761904761905,0.4665194996320824,0.5766045548654245,0.5857247976453275,0.33034111310592457,0.7964824120603015
122,8,5.9,1.85,12.11,9.55,6.95,5.99,5.1,LU,0.3135593220338983,0.7886044591246905,0.8618705035971224,0.19371727748691098,0.48720066061106526,0.6272251308900524,0.573905862923204,0.3088480801335559,0.8489208633093526
122,9,6.7,2.08,14.01,11.1,8.76,6.63,5.39,LU,0.31044776119402984,0.7922912205567452,0.7568493150684932,0.1873873873873874,0.47822983583154893,0.5972972972972973,0.6252676659528907,0.3137254901960784,0.7648401826484018
122,10,6.88,2.05,15.19,10.98,8.98,6.79,5.27,LU,0.29796511627906974,0.7228439763001976,0.7561247216035635,0.1867030965391621,0.4529295589203423,0.6183970856102003,0.5911784068466096,0.3019145802650957,0.7661469933184855
122,11,7.54,2.22,15.4,11.19,8.91,6.61,5.35,LU,0.29442970822281167,0.7266233766233766,0.7418630751964086,0.19839142091152817,0.4896103896103896,0.5907059874888294,0.5785714285714285,0.3358547655068079,0.8462401795735129
122,12,7.45,2.06,15.3,11.64,9.13,7.23,5.25,LU,0.276510067114094,0.7607843137254902,0.791894852135816,0.17697594501718214,0.4869281045751634,0.6211340206185567,0.5967320261437908,0.28492392807745504,0.8159912376779846
122,13,8.18,2.14,16.29,12.02,9.79,7.05,5.43,LU,0.2616136919315404,0.7378759975445058,0.7201225740551583,0.17803660565723795,0.5021485573971762,0.586522462562396,0.6009821976672806,0.3035460992907802,0.8355464759959143
122,14,7.77,2.42,14.72,11.33,8.34,6.47,5.44,LU,0.31145431145431146,0.7697010869565217,0.7757793764988009,0.21359223300970873,0.5278532608695652,0.5710503089143866,0.5665760869565217,0.3740340030911901,0.9316546762589928
122,15,6.79,1.85,13.78,10.78,8.17,6.82,4.92,LU,0.272459499263623,0.7822931785195936,0.8347613219094248,0.17161410018552878,0.4927431059506531,0.6326530612244898,0.5928882438316401,0.27126099706744866,0.8310893512851897
122,16,7.45,2.23,15.49,11.36,8.64,6.62,5.55,LU,0.2993288590604027,0.7333763718528082,0.7662037037037037,0.19630281690140847,0.48095545513234345,0.5827464788732395,0.5577792123950936,0.33685800604229604,0.8622685185185185
122,17,7.62,2.11,15.42,11.61,8.96,6.84,5.46,LU,0.2769028871391076,0.7529182879377432,0.7633928571428571,0.181739879414298,0.49416342412451364,0.5891472868217055,0.5810635538261998,0.3084795321637427,0.8504464285714285
122,18,6.92,1.97,16.07,11.19,9.0,7.3,4.98,LU,0.2846820809248555,0.6963285625388923,0.8111111111111111,0.17605004468275245,0.43061605476042314,0.6523681858802503,0.5600497822028625,0.26986301369863014,0.7688888888888888
122,19,7.53,1.99,15.97,11.94,9.8,7.29,5.5,LU,0.2642762284196547,0.7476518472135253,0.7438775510204081,0.16666666666666669,0.4715090795241077,0.6105527638190955,0.6136505948653725,0.2729766803840878,0.7683673469387755
122,20,7.23,1.79,14.48,10.94,8.6,6.76,5.13,LU,0.24757952973720607,0.755524861878453,0.786046511627907,0.16361974405850094,0.4993093922651934,0.6179159049360147,0.5939226519337016,0.26479289940828404,0.8406976744186048
122,21,6.87,1.94,14.18,10.34,8.66,6.38,5.43,LU,0.2823871906841339,0.7291960507757405,0.7367205542725173,0.18762088974854932,0.4844851904090268,0.6170212765957447,0.610719322990127,0.30407523510971785,0.7933025404157044
122,22,6.8,2.03,14.48,9.87,8.43,5.88,5.36,LU,0.2985294117647059,0.6816298342541436,0.697508896797153,0.20567375886524822,0.46961325966850825,0.5957446808510639,0.5821823204419889,0.34523809523809523,0.8066429418742586
122,23,7.23,1.98,15.23,11.52,9.25,7.07,5.38,LU,0.2738589211618257,0.7564018384766907,0.7643243243243244,0.171875,0.4747209455022981,0.6137152777777778,0.6073539067629679,0.28005657708628007,0.7816216216216216
122,24,6.59,1.9,13.55,10.02,7.59,5.88,5.18,LU,0.2883156297420334,0.7394833948339483,0.7747035573122529,0.18962075848303392,0.48634686346863465,0.5868263473053892,0.5601476014760147,0.32312925170068024,0.8682476943346509
122,25,6.72,1.83,14.1,10.47,8.22,6.71,5.34,LU,0.2723214285714286,0.7425531914893617,0.816301703163017,0.17478510028653294,0.4765957446808511,0.6408787010506207,0.5829787234042554,0.27272727272727276,0.8175182481751824
122,26,6.93,1.96,13.67,9.82,7.76,5.65,5.21,LU,0.2828282828282828,0.7183613752743233,0.7280927835051547,0.1995926680244399,0.506949524506218,0.575356415478615,0.5676664228237015,0.34690265486725663,0.893041237113402
122,27,6.57,1.73,14.06,10.1,8.59,6.18,5.28,LU,0.2633181126331811,0.7183499288762446,0.719441210710128,0.1712871287128713,0.46728307254623047,0.6118811881188119,0.6109530583214794,0.27993527508090615,0.7648428405122235
122,28,6.44,1.91,13.51,10.2,8.47,6.43,5.49,LU,0.296583850931677,0.7549962990377498,0.7591499409681227,0.18725490196078431,0.4766839378238342,0.6303921568627451,0.6269430051813472,0.29704510108864696,0.7603305785123967
122,29,7.36,2.17,14.42,10.63,8.3,6.45,5.32,LU,0.29483695652173914,0.7371705963938974,0.7771084337349398,0.20413922859830666,0.5104022191400832,0.6067732831608654,0.5755894590846048,0.33643410852713174,0.8867469879518072
122,30,6.06,1.78,12.47,9.13,7.13,5.29,5.13,LU,0.29372937293729373,0.7321571772253408,0.7419354838709677,0.1949616648411829,0.48596631916599836,0.579408543263965,0.5717722534081796,0.33648393194706994,0.849929873772791
122,31,6.48,1.69,13.71,9.79,7.69,6.19,5.17,LU,0.26080246913580246,0.7140773158278627,0.8049414824447334,0.17262512768130747,0.4726477024070022,0.6322778345250256,0.5609044493070752,0.27302100161550885,0.8426527958387516
122,32,5.94,1.63,12.56,9.44,7.46,5.82,5.11,LU,0.2744107744107744,0.751592356687898,0.7801608579088473,0.1726694915254237,0.4729299363057325,0.6165254237288136,0.5939490445859872,0.2800687285223367,0.7962466487935658
122,33,6.66,1.85,13.65,9.94,7.73,6.19,5.35,LU,0.2777777777777778,0.7282051282051282,0.8007761966364813,0.18611670020120727,0.4879120879120879,0.6227364185110664,0.5663003663003663,0.2988691437802908,0.8615782664941785
122,34,5.34,1.48,11.2,8.2,6.44,5.24,4.98,LU,0.27715355805243447,0.7321428571428571,0.8136645962732919,0.1804878048780488,0.4767857142857143,0.6390243902439026,0.5750000000000001,0.282442748091603,0.8291925465838509
122,35,5.97,1.76,12.26,9.62,8.07,6.18,5.18,LU,0.2948073701842546,0.7846655791190864,0.7657992565055761,0.18295218295218296,0.48694942903752036,0.6424116424116424,0.6582381729200653,0.284789644012945,0.7397769516728624
122,36,6.32,1.64,13.03,9.83,7.06,6.48,5.0,LU,0.25949367088607594,0.7544128933231006,0.9178470254957508,0.16683621566632756,0.4850345356868765,0.659206510681587,0.5418265541059094,0.2530864197530864,0.8951841359773371
122,37,6.91,1.9,13.47,10.07,7.32,6.17,5.23,LU,0.27496382054992763,0.7475872308834447,0.842896174863388,0.18867924528301885,0.5129918337045286,0.6127110228401191,0.5434298440979956,0.3079416531604538,0.9439890710382514
122,38,6.06,1.54,13.67,9.47,8.45,6.34,4.91,LU,0.25412541254125415,0.6927578639356256,0.7502958579881658,0.16261879619852165,0.44330651060716897,0.6694825765575501,0.6181419166057058,0.24290220820189276,0.7171597633136095
122,39,6.35,1.59,12.92,9.56,6.95,6.33,5.36,LU,0.2503937007874016,0.739938080495356,0.9107913669064748,0.16631799163179917,0.49148606811145507,0.6621338912133891,0.5379256965944272,0.25118483412322273,0.9136690647482013
122,40,5.35,1.52,11.41,8.51,6.58,5.66,4.94,LU,0.2841121495327103,0.7458369851007888,0.8601823708206687,0.17861339600470036,0.4688869412795793,0.6650998824911869,0.5766871165644172,0.26855123674911663,0.8130699088145896
122,41,6.81,1.89,13.55,10.58,7.44,6.64,5.14,LU,0.2775330396475771,0.7808118081180812,0.8924731182795698,0.17863894139886577,0.5025830258302583,0.6275992438563327,0.5490774907749078,0.28463855421686746,0.9153225806451611
122,42,6.03,1.7,11.92,9.11,7.22,5.46,5.13,LU,0.28192371475953565,0.764261744966443,0.7562326869806094,0.1866081229418222,0.5058724832214765,0.5993413830954994,0.6057046979865771,0.31135531135531136,0.8351800554016621
122,43,5.68,1.56,12.58,8.81,7.36,5.41,5.07,LU,0.2746478873239437,0.7003179650238475,0.7350543478260869,0.17707150964812712,0.451510333863275,0.6140749148694665,0.5850556438791733,0.28835489833641403,0.7717391304347825
122,44,6.24,1.75,13.16,9.7,7.77,6.08,5.24,LU,0.28044871794871795,0.7370820668693009,0.7824967824967826,0.18041237113402064,0.47416413373860183,0.6268041237113403,0.5904255319148936,0.2878289473684211,0.8030888030888031
122,45,6.04,1.79,13.33,9.17,7.89,5.61,5.0,LU,0.29635761589403975,0.6879219804951238,0.7110266159695818,0.19520174482006544,0.45311327831957987,0.6117775354416576,0.5918979744936234,0.3190730837789661,0.7655259822560203
122,46,7.46,2.0,15.04,11.46,8.68,7.18,5.46,LU,0.2680965147453083,0.761968085106383,0.8271889400921659,0.17452006980802792,0.49601063829787234,0.6265270506108201,0.5771276595744681,0.2785515320334262,0.8594470046082949
122,47,6.84,1.88,13.9,10.18,8.32,6.27,5.31,LU,0.27485380116959063,0.7323741007194244,0.7536057692307692,0.18467583497053044,0.4920863309352518,0.6159135559921415,0.5985611510791367,0.2998405103668262,0.8221153846153846
122,48,4.91,1.32,11.12,8.09,7.53,5.38,4.94,LU,0.26883910386965376,0.7275179856115108,0.7144754316069056,0.1631644004944376,0.4415467625899281,0.6650185414091471,0.6771582733812951,0.24535315985130113,0.6520584329349269
122,49,6.76,1.94,14.24,10.34,8.3,6.52,5.53,LU,0.2869822485207101,0.726123595505618,0.7855421686746987,0.18762088974854932,0.4747191011235955,0.6305609284332688,0.5828651685393259,0.29754601226993865,0.8144578313253011
122,50,5.84,1.82,12.27,8.8,7.15,4.98,5.18,LU,0.3116438356164384,0.71719641401793,0.6965034965034965,0.20681818181818182,0.47595762021189897,0.5659090909090909,0.5827220863895681,0.3654618473895582,0.8167832167832167
122,51,6.05,1.78,12.21,9.53,7.15,6.23,5.45,LU,0.29421487603305785,0.7805077805077804,0.8713286713286713,0.18677859391395593,0.49549549549549543,0.6537250786988459,0.5855855855855856,0.2857142857142857,0.846153846153846
122,52,5.59,1.41,12.22,8.73,7.33,5.94,4.02,LU,0.2522361359570662,0.7144026186579377,0.810368349249659,0.16151202749140892,0.45744680851063824,0.6804123711340206,0.599836333878887,0.23737373737373735,0.762619372442019
122,53,5.78,1.45,12.45,9.08,7.0,6.2,4.99,LU,0.25086505190311414,0.7293172690763052,0.8857142857142858,0.15969162995594713,0.46425702811244984,0.6828193832599119,0.5622489959839357,0.23387096774193547,0.8257142857142857
122,54,6.11,1.5,12.9,9.43,7.13,6.38,4.92,LU,0.2454991816693944,0.7310077519379845,0.8948106591865358,0.15906680805938495,0.47364341085271316,0.6765641569459173,0.5527131782945737,0.23510971786833856,0.8569424964936887
122,55,6.66,1.78,13.28,10.19,7.29,6.51,5.14,LU,0.26726726726726724,0.7673192771084337,0.8930041152263374,0.17468105986261043,0.5015060240963856,0.6388616290480864,0.5489457831325302,0.27342549923195086,0.9135802469135803
122,56,6.67,1.71,14.02,10.45,7.93,6.7,5.41,LU,0.2563718140929535,0.7453637660485021,0.8448928121059269,0.16363636363636364,0.47574893009985736,0.6411483253588517,0.5656205420827389,0.2552238805970149,0.841109709962169
122,57,5.23,1.38,11.73,9.05,7.03,6.39,4.97,LU,0.26386233269598464,0.7715260017050298,0.9089615931721194,0.15248618784530385,0.4458653026427963,0.7060773480662983,0.5993179880647911,0.21596244131455397,0.7439544807965861
122,58,5.57,1.33,11.92,8.84,7.58,6.02,4.97,LU,0.23877917414721725,0.7416107382550335,0.7941952506596306,0.15045248868778283,0.4672818791946309,0.6809954751131221,0.6359060402684564,0.22093023255813957,0.7348284960422163
122,59,6.04,1.6,12.42,9.37,7.01,6.11,4.95,LU,0.26490066225165565,0.754428341384863,0.8716119828815978,0.1707577374599787,0.4863123993558776,0.6520811099252936,0.5644122383252818,0.2618657937806874,0.8616262482168331
122,60,5.31,1.49,11.43,8.54,6.46,5.67,4.84,LU,0.28060263653483997,0.7471566054243219,0.8777089783281734,0.1744730679156909,0.4645669291338582,0.6639344262295083,0.5651793525809274,0.26278659611992944,0.8219814241486068
122,61,5.67,1.4,12.31,8.7,7.61,5.71,4.89,LU,0.24691358024691357,0.7067424857839154,0.7503285151116951,0.16091954022988506,0.4606011372867587,0.6563218390804598,0.6181965881397238,0.24518388791593693,0.7450722733245729
122,62,4.61,1.23,10.95,7.32,6.6,4.94,4.49,LU,0.2668112798264642,0.6684931506849315,0.7484848484848485,0.1680327868852459,0.4210045662100457,0.674863387978142,0.6027397260273972,0.24898785425101214,0.6984848484848486
122,63,6.03,1.84,11.78,8.77,6.34,5.27,5.03,LU,0.30514096185737977,0.7444821731748726,0.8312302839116719,0.20980615735461802,0.5118845500848896,0.6009122006841505,0.5382003395585738,0.34914611005692603,0.9511041009463723
122,64,5.7,1.23,12.44,8.63,6.77,5.99,5.69,LU,0.2157894736842105,0.6937299035369776,0.8847858197932054,0.14252607184241017,0.4581993569131833,0.694090382387022,0.5442122186495176,0.2053422370617696,0.8419497784342689
122,65,7.11,2.09,14.62,10.35,8.19,6.37,5.45,LU,0.29395218002812934,0.7079343365253078,0.7777777777777778,0.20193236714975846,0.4863201094391245,0.6154589371980677,0.5601915184678522,0.3281004709576138,0.8681318681318683
122,66,5.99,1.78,13.09,8.66,7.06,5.69,5.09,LU,0.29716193656093487,0.6615737203972498,0.8059490084985836,0.20554272517321015,0.4576012223071047,0.6570438799076213,0.5393430099312452,0.312829525483304,0.8484419263456091
122,67,5.3,1.38,11.57,7.9,6.31,5.09,4.81,LU,0.26037735849056604,0.682800345721694,0.8066561014263075,0.17468354430379746,0.4580812445980985,0.6443037974683544,0.5453759723422644,0.2711198428290766,0.8399366085578447
122,68,4.71,1.55,10.23,8.0,5.77,5.36,4.44,LU,0.3290870488322718,0.7820136852394917,0.9289428076256501,0.19375,0.4604105571847507,0.67,0.5640273704789833,0.2891791044776119,0.8162911611785096
122,69,4.89,1.35,10.61,8.16,5.98,5.34,4.68,LU,0.27607361963190186,0.7690857681432611,0.8929765886287625,0.16544117647058823,0.46088595664467485,0.6544117647058824,0.5636192271442036,0.25280898876404495,0.8177257525083611
122,70,5.02,1.4,10.98,7.83,6.45,5.12,4.53,LU,0.27888446215139445,0.7131147540983607,0.7937984496124031,0.17879948914431673,0.4571948998178506,0.6538952745849298,0.587431693989071,0.2734375,0.7782945736434108
122,71,5.1,1.31,11.22,8.74,6.63,5.86,4.7,LU,0.25686274509803925,0.7789661319073083,0.8838612368024134,0.14988558352402745,0.4545454545454545,0.6704805491990847,0.5909090909090908,0.2235494880546075,0.7692307692307692
122,72,5.78,1.43,11.82,8.26,6.04,5.07,4.91,LU,0.24740484429065743,0.6988155668358713,0.8394039735099338,0.17312348668280872,0.4890016920473773,0.6138014527845037,0.5109983079526227,0.28205128205128205,0.956953642384106
122,73,5.9,1.81,11.8,8.79,6.76,5.33,5.05,LU,0.30677966101694915,0.744915254237288,0.7884615384615385,0.20591581342434587,0.5,0.6063708759954495,0.5728813559322034,0.33958724202626644,0.8727810650887575
122,74,6.53,2.26,12.62,9.95,7.22,5.28,5.28,LU,0.34609494640122507,0.7884310618066561,0.7313019390581718,0.2271356783919598,0.51743264659271,0.5306532663316583,0.5721077654516641,0.428030303030303,0.9044321329639889
122,75,5.07,1.32,11.46,8.03,6.46,5.51,4.89,LU,0.2603550295857988,0.700698080279232,0.8529411764705882,0.16438356164383564,0.4424083769633508,0.6861768368617684,0.5636998254799301,0.23956442831215974,0.7848297213622292
122,76,7.41,2.24,14.64,11.3,8.47,6.65,5.15,LU,0.30229419703103916,0.7718579234972678,0.7851239669421487,0.19823008849557522,0.5061475409836066,0.588495575221239,0.5785519125683061,0.3368421052631579,0.8748524203069658
122,77,5.74,1.72,11.33,9.09,6.67,5.69,4.98,LB,0.29965156794425085,0.8022947925860547,0.8530734632683659,0.18921892189218922,0.5066195939982348,0.625962596259626,0.588702559576346,0.3022847100175747,0.8605697151424289
122,78,5.34,1.56,11.09,8.08,5.98,5.29,4.87,LU,0.29213483146067415,0.7285843101893598,0.8846153846153846,0.19306930693069307,0.48151487826871053,0.6547029702970297,0.5392245266005411,0.2948960302457467,0.8929765886287625
122,79,4.78,1.44,10.31,7.62,6.06,4.69,4.93,LU,0.30125523012552297,0.7390882638215325,0.773927392739274,0.1889763779527559,0.463627546071775,0.615485564304462,0.5877788554801163,0.30703624733475476,0.7887788778877889
122,80,6.4,1.73,13.33,9.68,7.99,5.95,5.38,LU,0.27031249999999996,0.7261815453863466,0.7446808510638298,0.17871900826446283,0.4801200300075019,0.6146694214876034,0.5993998499624906,0.29075630252100837,0.8010012515644556
122,81,4.41,1.31,9.79,7.52,5.23,4.93,4.88,LU,0.29705215419501135,0.7681307456588355,0.9426386233269597,0.1742021276595745,0.4504596527068438,0.6555851063829787,0.5342185903983657,0.2657200811359027,0.8432122370936902
122,82,6.54,1.98,12.94,10.59,7.97,6.74,5.31,LU,0.30275229357798167,0.8183925811437404,0.8456712672521958,0.18696883852691218,0.5054095826893354,0.6364494806421153,0.615919629057187,0.29376854599406527,0.820577164366374
122,83,5.22,1.59,10.81,7.95,6.21,5.03,4.98,LU,0.3045977011494253,0.7354301572617946,0.8099838969404187,0.2,0.4828862164662349,0.6327044025157232,0.5744680851063829,0.31610337972166996,0.8405797101449275
122,84,5.17,1.48,10.77,8.47,5.81,5.43,4.9,LU,0.2862669245647969,0.78644382544104,0.9345955249569707,0.17473435655253836,0.48003714020427113,0.6410861865407319,0.5394614670380687,0.27255985267034993,0.8898450946643718
122,85,4.85,1.15,10.68,7.71,6.33,5.34,4.8,LU,0.23711340206185566,0.7219101123595506,0.8436018957345971,0.14915693904020752,0.4541198501872659,0.6926070038910506,0.5926966292134832,0.2153558052434457,0.7661927330173774
122,86,5.8,1.85,10.94,8.63,6.25,5.08,5.14,LU,0.31896551724137934,0.7888482632541135,0.8128,0.21436848203939743,0.5301645338208409,0.5886442641946698,0.5712979890310786,0.3641732283464567,0.9279999999999999
122,87,4.77,1.19,10.33,7.75,6.11,5.4,4.78,LU,0.24947589098532497,0.750242013552759,0.88379705400982,0.15354838709677418,0.46176185866408515,0.6967741935483871,0.5914811229428848,0.22037037037037036,0.7806873977086742
122,88,5.41,1.5,11.2,8.2,6.21,5.2,4.8,LU,0.27726432532347506,0.7321428571428571,0.8373590982286635,0.1829268292682927,0.48303571428571435,0.6341463414634148,0.5544642857142857,0.28846153846153844,0.8711755233494364
122,89,5.06,1.31,10.82,7.97,6.16,5.34,5.07,LU,0.25889328063241107,0.7365988909426987,0.8668831168831168,0.16436637390213302,0.4676524953789279,0.6700125470514429,0.5693160813308688,0.2453183520599251,0.8214285714285714
122,90,4.37,0.99,10.39,7.29,6.15,5.38,4.64,LU,0.22654462242562928,0.7016361886429259,0.8747967479674796,0.13580246913580246,0.42059672762271416,0.737997256515775,0.591915303176131,0.18401486988847585,0.7105691056910569
122,91,5.4,1.56,12.09,8.85,6.49,5.85,4.71,LU,0.28888888888888886,0.7320099255583127,0.9013867488443759,0.176271186440678,0.44665012406947896,0.6610169491525424,0.5368072787427627,0.2666666666666667,0.8320493066255779
122,92,5.21,1.68,10.46,7.81,5.83,4.77,4.85,LU,0.32245681381957775,0.7466539196940726,0.8181818181818181,0.21510883482714468,0.4980879541108986,0.6107554417413572,0.5573613766730401,0.35220125786163525,0.8936535162950258
122,93,5.3,1.31,11.9,8.6,6.31,5.84,4.83,LU,0.24716981132075475,0.7226890756302521,0.9255150554675119,0.15232558139534885,0.4453781512605042,0.6790697674418604,0.5302521008403361,0.2243150684931507,0.8399366085578447
122,94,5.42,1.55,11.59,8.51,6.62,5.71,5.04,LU,0.2859778597785978,0.734253666954271,0.8625377643504532,0.18213866039952997,0.46764452113891286,0.6709753231492362,0.5711820534943918,0.2714535901926445,0.8187311178247734
122,95,5.46,1.7,11.38,8.06,6.04,4.96,4.98,LU,0.31135531135531136,0.7082601054481547,0.8211920529801324,0.2109181141439206,0.4797891036906854,0.6153846153846153,0.5307557117750439,0.34274193548387094,0.9039735099337748
122,96,5.84,1.85,11.3,9.33,6.17,5.85,5.0,LU,0.31678082191780826,0.8256637168141593,0.9481361426256077,0.1982851018220793,0.5168141592920353,0.6270096463022508,0.5460176991150442,0.3162393162393163,0.946515397082658
128,3,5.59,1.65,12.37,9.1,7.38,6.13,5.26,LU,0.295169946332737,0.7356507679870655,0.8306233062330624,0.1813186813186813,0.45189975747776884,0.6736263736263737,0.5966046887631367,0.26916802610114193,0.7574525745257452
128,4,6.97,3.13,14.2,10.59,7.9,6.58,5.33,LU,0.4490674318507891,0.745774647887324,0.8329113924050633,0.295561850802644,0.4908450704225352,0.6213408876298395,0.5563380281690141,0.4756838905775076,0.8822784810126582
128,5,6.9,2.19,14.86,11.02,9.17,7.19,5.3,LB,0.3173913043478261,0.7415881561238223,0.7840785169029444,0.1987295825771325,0.4643337819650068,0.6524500907441017,0.617092866756393,0.3045897079276773,0.7524536532170121
128,6,6.76,1.94,15.06,11.67,8.55,7.86,5.33,LB,0.2869822485207101,0.7749003984063745,0.9192982456140351,0.1662382176520994,0.448871181938911,0.6735218508997429,0.5677290836653387,0.24681933842239184,0.790643274853801
128,7,7.31,2.32,16.32,12.24,9.12,7.99,5.25,LB,0.3173734610123119,0.75,0.8760964912280703,0.1895424836601307,0.44791666666666663,0.6527777777777778,0.5588235294117646,0.2903629536921151,0.8015350877192983
128,8,7.05,2.15,15.31,11.26,9.5,6.97,5.17,LB,0.3049645390070922,0.7354670150228608,0.7336842105263157,0.19094138543516873,0.46048334421946435,0.6190053285968028,0.62050947093403,0.3084648493543759,0.7421052631578947
128,9,4.86,1.87,11.04,8.72,6.74,5.51,5.47,LU,0.3847736625514403,0.7898550724637682,0.8175074183976261,0.21444954128440366,0.4402173913043479,0.631880733944954,0.6105072463768116,0.33938294010889297,0.7210682492581603
128,10,5.09,1.7,10.64,8.05,5.6,5.3,4.33,LB,0.33398821218074654,0.7565789473684211,0.9464285714285715,0.21118012422360247,0.4783834586466165,0.6583850931677018,0.5263157894736842,0.32075471698113206,0.9089285714285714
128,11,6.03,1.74,12.7,9.39,7.0,6.14,5.25,LB,0.2885572139303482,0.7393700787401576,0.8771428571428571,0.1853035143769968,0.47480314960629927,0.6538871139510116,0.5511811023622047,0.28338762214983715,0.8614285714285714
128,12,5.93,1.87,13.08,9.61,7.84,5.9,5.48,LB,0.31534569983136596,0.7347094801223241,0.7525510204081634,0.19458896982310095,0.45336391437308865,0.6139438085327784,0.599388379204893,0.3169491525423729,0.7563775510204082
128,13,4.94,1.23,11.21,8.46,8.39,5.93,5.33,LB,0.24898785425101214,0.7546833184656557,0.7067938021454111,0.1453900709219858,0.4406779661016949,0.7009456264775412,0.7484388938447815,0.20741989881956155,0.5887961859356377
128,14,5.1,1.45,11.43,8.46,6.77,5.76,4.11,LU,0.28431372549019607,0.7401574803149608,0.8508124076809453,0.1713947990543735,0.44619422572178474,0.6808510638297871,0.5923009623797025,0.2517361111111111,0.7533234859675036
128,15,5.09,1.17,11.28,7.78,5.68,5.68,4.41,LU,0.22986247544204322,0.6897163120567377,1.0,0.15038560411311053,0.4512411347517731,0.730077120822622,0.5035460992907801,0.20598591549295775,0.8961267605633803
128,16,4.48,1.33,10.88,8.43,6.92,5.97,4.34,LU,0.296875,0.7748161764705882,0.8627167630057804,0.15776986951364178,0.411764705882353,0.7081850533807829,0.6360294117647058,0.22278056951423789,0.647398843930636
128,17,4.5,1.47,9.78,7.64,5.7,4.95,4.54,LU,0.32666666666666666,0.7811860940695297,0.868421052631579,0.19240837696335078,0.4601226993865031,0.6479057591623038,0.5828220858895706,0.29696969696969694,0.7894736842105263
128,18,4.32,1.27,10.01,7.58,6.16,5.21,4.54,LU,0.29398148148148145,0.7572427572427572,0.8457792207792207,0.16754617414248021,0.4315684315684316,0.6873350923482849,0.6153846153846154,0.2437619961612284,0.7012987012987013
128,19,4.58,1.23,10.77,7.92,5.9,6.08,4.21,LU,0.2685589519650655,0.7353760445682451,1.0305084745762711,0.1553030303030303,0.425255338904364,0.7676767676767677,0.5478180129990715,0.20230263157894737,0.7762711864406779
133,1,8.0,2.28,15.82,11.5,8.55,6.77,5.9,LU,0.285,0.7269279393173198,0.7918128654970759,0.19826086956521738,0.5056890012642224,0.588695652173913,0.5404551201011378,0.33677991137370755,0.935672514619883
144,4,7.02,2.29,14.14,11.0,8.38,6.22,5.44,LU,0.32621082621082625,0.7779349363507779,0.7422434367541765,0.2081818181818182,0.4964639321074964,0.5654545454545454,0.5926449787835927,0.3681672025723473,0.8377088305489259
144,5,6.64,1.8,15.46,11.32,9.4,7.1,5.54,LU,0.27108433734939763,0.7322121604139715,0.7553191489361701,0.15901060070671377,0.42949547218628714,0.6272084805653709,0.6080206985769728,0.2535211267605634,0.7063829787234042
144,6,5.96,1.83,13.12,9.4,7.35,5.47,5.31,LU,0.30704697986577184,0.7164634146341464,0.7442176870748299,0.1946808510638298,0.45426829268292684,0.5819148936170212,0.5602134146341463,0.33455210237659966,0.8108843537414966
144,7,6.37,2.01,12.96,10.66,7.72,6.53,5.38,LU,0.3155416012558869,0.8225308641975309,0.8458549222797928,0.18855534709193245,0.4915123456790123,0.6125703564727956,0.595679012345679,0.3078101071975497,0.8251295336787565
144,8,6.08,1.92,12.48,9.17,7.19,5.44,5.22,LU,0.3157894736842105,0.734775641025641,0.7566063977746871,0.2093784078516903,0.48717948717948717,0.5932388222464559,0.5761217948717949,0.3529411764705882,0.8456189151599444
144,9,7.26,2.11,15.43,11.04,9.2,6.71,5.32,LU,0.290633608815427,0.7154893065456902,0.7293478260869566,0.19112318840579712,0.47051198963058977,0.6077898550724639,0.5962410887880751,0.31445603576751113,0.7891304347826087
144,10,5.73,1.71,12.79,9.56,7.86,5.98,4.94,LU,0.29842931937172773,0.7474589523064895,0.7608142493638677,0.17887029288702927,0.44800625488663026,0.6255230125523012,0.6145426114151682,0.28595317725752506,0.7290076335877863
144,11,6.87,2.01,14.6,10.17,8.57,5.91,5.55,LU,0.29257641921397376,0.6965753424657535,0.6896149358226371,0.19764011799410028,0.4705479452054795,0.5811209439528023,0.5869863013698631,0.34010152284263956,0.8016336056009334
144,12,5.32,1.47,11.91,8.35,6.52,5.6,4.93,LU,0.2763157894736842,0.7010915197313182,0.8588957055214724,0.17604790419161678,0.44668345927791775,0.6706586826347305,0.5474391267842149,0.2625,0.8159509202453988
144,13,5.99,1.71,13.1,9.45,7.63,5.57,5.19,LU,0.2854757929883138,0.7213740458015266,0.7300131061598952,0.18095238095238098,0.45725190839694657,0.5894179894179895,0.582442748091603,0.3070017953321364,0.7850589777195283
144,14,6.03,1.46,13.45,9.49,7.65,6.22,4.97,LU,0.24212271973466,0.7055762081784387,0.8130718954248365,0.15384615384615383,0.44832713754646847,0.6554267650158061,0.5687732342007435,0.2347266881028939,0.788235294117647
144,15,6.53,2.07,12.34,10.03,7.28,5.33,5.55,LU,0.3169984686064318,0.8128038897893031,0.7321428571428571,0.20638085742771684,0.5291734197730956,0.5314057826520439,0.5899513776337115,0.3883677298311444,0.896978021978022
144,16,6.6,2.23,13.82,9.91,8.38,5.59,5.29,LU,0.3378787878787879,0.7170767004341534,0.6670644391408114,0.2250252270433905,0.47756874095513746,0.5640766902119071,0.6063675832127352,0.39892665474060823,0.7875894988066825
144,17,5.86,1.88,11.99,9.0,6.63,5.48,5.04,LU,0.3208191126279863,0.7506255212677231,0.8265460030165913,0.20888888888888887,0.48874061718098416,0.6088888888888889,0.5529608006672226,0.3430656934306569,0.8838612368024134
144,18,6.11,1.72,13.23,9.51,7.51,5.85,5.11,LU,0.2815057283142389,0.7188208616780045,0.7789613848202397,0.1808622502628812,0.4618291761148904,0.6151419558359621,0.5676492819349962,0.294017094017094,0.8135818908122504
144,19,7.31,2.3,14.55,10.76,8.17,5.9,5.47,LU,0.31463748290013677,0.7395189003436425,0.7221542227662179,0.2137546468401487,0.5024054982817869,0.5483271375464684,0.5615120274914089,0.38983050847457623,0.8947368421052632
144,20,5.36,1.55,12.43,8.16,7.34,5.73,5.09,LU,0.2891791044776119,0.6564762670957361,0.7806539509536785,0.18995098039215685,0.4312148028962189,0.7022058823529412,0.5905068382944489,0.27050610820244325,0.7302452316076294
144,21,7.53,2.09,16.16,11.74,9.7,6.98,5.46,LU,0.2775564409030544,0.7264851485148515,0.7195876288659795,0.17802385008517885,0.4659653465346535,0.5945485519591142,0.6002475247524752,0.29942693409742116,0.7762886597938146
144,22,6.42,1.67,14.0,10.08,8.1,6.12,5.24,LU,0.2601246105919003,0.72,0.7555555555555556,0.16567460317460317,0.4585714285714286,0.6071428571428571,0.5785714285714285,0.272875816993464,0.7925925925925926
144,23,6.84,2.38,14.79,10.92,8.97,6.15,5.25,LU,0.347953216374269,0.7383367139959433,0.68561872909699,0.21794871794871795,0.46247464503042596,0.5631868131868132,0.6064908722109534,0.38699186991869916,0.7625418060200668
144,24,5.84,1.8,13.16,9.12,7.35,5.66,5.16,LU,0.3082191780821918,0.6930091185410334,0.7700680272108844,0.1973684210526316,0.44376899696048633,0.6206140350877194,0.5585106382978723,0.31802120141342755,0.7945578231292517
144,25,6.96,2.15,14.84,11.05,9.04,6.34,5.31,LU,0.3089080459770115,0.7446091644204852,0.7013274336283186,0.1945701357466063,0.46900269541778977,0.5737556561085972,0.6091644204851752,0.3391167192429022,0.7699115044247788
144,26,8.74,2.61,19.09,14.45,11.95,8.56,5.43,LU,0.2986270022883295,0.7569408067050811,0.7163179916317992,0.1806228373702422,0.45783132530120485,0.5923875432525952,0.6259821896280775,0.30490654205607476,0.7313807531380754
150,3,7.86,1.97,16.3,11.9,10.11,7.97,5.62,LU,0.2506361323155216,0.7300613496932515,0.788328387734916,0.16554621848739495,0.4822085889570552,0.6697478991596638,0.6202453987730061,0.24717691342534504,0.7774480712166173
150,4,7.11,2.09,15.66,11.39,9.47,7.9,5.63,LU,0.29395218002812934,0.727330779054917,0.8342133051742344,0.18349429323968391,0.4540229885057471,0.6935908691834943,0.6047254150702427,0.2645569620253164,0.7507919746568109
150,5,6.35,1.78,14.08,10.52,8.83,6.62,5.25,LU,0.2803149606299213,0.7471590909090908,0.7497168742921857,0.16920152091254753,0.4509943181818182,0.629277566539924,0.6271306818181818,0.2688821752265861,0.7191392978482446
150,6,6.15,1.63,14.4,10.36,8.71,7.03,5.44,LU,0.26504065040650404,0.7194444444444444,0.8071182548794489,0.15733590733590733,0.42708333333333337,0.6785714285714286,0.6048611111111112,0.23186344238975815,0.706084959816303
152,3,7.99,2.49,16.84,12.67,10.33,7.28,5.48,LU,0.311639549436796,0.752375296912114,0.7047434656340755,0.19652722967640096,0.4744655581947744,0.574585635359116,0.6134204275534442,0.34203296703296704,0.7734753146176186
152,4,7.47,1.72,16.64,11.73,9.93,7.48,5.16,LU,0.23025435073627845,0.7049278846153846,0.7532729103726084,0.1466325660699062,0.4489182692307692,0.6376811594202899,0.5967548076923077,0.2299465240641711,0.7522658610271903
152,5,7.65,2.39,16.11,11.93,9.27,6.64,5.48,LU,0.31241830065359477,0.7405338299193048,0.7162891046386192,0.20033528918692373,0.4748603351955308,0.556580050293378,0.5754189944134078,0.3599397590361446,0.825242718446602
152,6,6.84,1.58,15.93,10.93,8.89,7.22,4.88,LU,0.23099415204678364,0.6861268047708725,0.81214848143982,0.14455626715462033,0.4293785310734463,0.6605672461116194,0.5580665411173886,0.21883656509695293,0.7694038245219347
152,7,7.51,2.03,15.62,11.21,9.19,6.87,5.34,LU,0.270306258322237,0.7176696542893727,0.7475516866158869,0.18108831400535233,0.48079385403329067,0.6128456735057983,0.588348271446863,0.2954876273653566,0.8171926006528836
152,8,6.96,1.94,14.63,10.83,8.75,6.38,5.35,LU,0.27873563218390807,0.7402597402597402,0.7291428571428571,0.17913204062788549,0.4757347915242652,0.5891043397968606,0.5980861244019139,0.30407523510971785,0.7954285714285714
152,9,6.73,1.79,14.77,10.62,8.76,6.75,5.23,LU,0.2659732540861813,0.7190250507786052,0.7705479452054794,0.16854990583804144,0.4556533513879486,0.6355932203389831,0.5930941096817874,0.2651851851851852,0.7682648401826485
152,10,6.72,1.83,14.18,10.43,8.62,6.39,5.42,LU,0.2723214285714286,0.735543018335684,0.7412993039443155,0.17545541706615533,0.47390691114245415,0.6126558005752637,0.6078984485190408,0.2863849765258216,0.7795823665893272
152,11,5.79,1.45,13.34,9.19,7.61,5.83,4.92,LU,0.2504317789291882,0.6889055472263867,0.7660972404730617,0.15778019586507072,0.4340329835082459,0.6343852013057671,0.5704647676161919,0.24871355060034303,0.7608409986859396
152,12,4.26,0.98,11.07,7.53,6.5,5.55,4.72,LU,0.23004694835680753,0.6802168021680217,0.8538461538461538,0.1301460823373174,0.38482384823848237,0.7370517928286852,0.5871725383920505,0.17657657657657658,0.6553846153846153
152,13,4.39,1.05,10.13,7.17,6.13,5.17,4.48,LU,0.23917995444191348,0.7077986179664363,0.8433931484502447,0.14644351464435149,0.4333662388943731,0.7210599721059973,0.6051332675222112,0.20309477756286268,0.7161500815660685
158,1,7.31,2.23,17.17,12.05,11.06,7.75,5.35,LU,0.30506155950752395,0.7018054746651136,0.7007233273056057,0.1850622406639004,0.4257425742574257,0.6431535269709543,0.6441467676179382,0.28774193548387095,0.6609403254972874
165,7,6.65,2.05,14.16,10.99,8.18,6.98,5.34,LU,0.3082706766917293,0.7761299435028248,0.8533007334963326,0.186533212010919,0.46963276836158196,0.6351228389444951,0.577683615819209,0.2936962750716332,0.8129584352078241
177,1,6.06,1.46,13.77,9.63,8.83,6.14,5.41,DU,0.24092409240924093,0.6993464052287582,0.695356738391846,0.15160955347871233,0.4400871459694989,0.6375908618899272,0.6412490922294845,0.23778501628664495,0.6862967157417893
177,2,7.96,2.38,16.41,11.83,9.89,6.91,5.72,LU,0.2989949748743718,0.720901889092017,0.698685540950455,0.20118343195266272,0.4850700792199878,0.5841081994928149,0.6026812918951859,0.3444283646888567,0.8048533872598584
198,1,5.06,1.34,11.34,8.65,6.87,6.06,4.83,LU,0.2648221343873518,0.7627865961199295,0.8820960698689956,0.15491329479768787,0.4462081128747795,0.7005780346820808,0.6058201058201058,0.22112211221122116,0.7365356622998543
198,2,4.98,1.24,10.68,8.0,6.1,5.33,4.88,LU,0.24899598393574296,0.7490636704119851,0.8737704918032787,0.155,0.4662921348314607,0.66625,0.5711610486891385,0.23264540337711068,0.8163934426229509
198,3,5.3,1.26,11.32,7.57,6.12,5.05,4.98,LU,0.23773584905660378,0.6687279151943463,0.8251633986928104,0.166446499339498,0.46819787985865724,0.6671070013210039,0.5406360424028268,0.2495049504950495,0.8660130718954248
242,2,8.71,2.53,18.82,13.58,10.94,8.18,5.57,LB,0.29047072330654417,0.7215727948990436,0.7477148080438757,0.18630338733431515,0.4628055260361318,0.6023564064801178,0.5812964930924548,0.3092909535452323,0.7961608775137112
242,6,9.04,2.63,18.23,13.46,10.06,8.34,5.49,LB,0.29092920353982304,0.7383433900164564,0.8290258449304174,0.1953937592867756,0.49588590235874924,0.6196136701337295,0.5518376302797586,0.31534772182254195,0.8986083499005962
242,7,6.52,1.69,16.32,10.99,9.86,7.5,5.13,LU,0.25920245398773006,0.6734068627450981,0.7606490872210954,0.1537761601455869,0.3995098039215686,0.6824385805277525,0.6041666666666666,0.22533333333333333,0.6612576064908722
242,8,7.46,1.74,17.76,12.4,10.99,8.81,5.16,LU,0.23324396782841822,0.6981981981981982,0.8016378525932666,0.1403225806451613,0.42004504504504503,0.7104838709677419,0.6188063063063063,0.19750283768444948,0.6787989080982711
242,9,6.88,2.3,13.49,10.61,7.77,6.73,5.6,LU,0.33430232558139533,0.7865085248332098,0.8661518661518662,0.21677662582469368,0.5100074128984433,0.6343072573044298,0.5759822090437361,0.3417533432392273,0.8854568854568855
242,10,5.05,1.31,11.68,8.35,7.02,5.94,5.15,LU,0.2594059405940594,0.7148972602739726,0.8461538461538463,0.1568862275449102,0.4323630136986301,0.7113772455089821,0.601027397260274,0.22053872053872053,0.7193732193732194
243,8,7.68,1.87,16.08,11.45,9.3,7.08,5.38,LU,0.24348958333333334,0.7120646766169154,0.7612903225806451,0.16331877729257643,0.4776119402985075,0.6183406113537119,0.5783582089552239,0.26412429378531077,0.8258064516129031
253,3,6.93,2.1,15.53,11.06,9.36,6.83,5.26,LU,0.30303030303030304,0.71216999356085,0.7297008547008548,0.189873417721519,0.4462330972311655,0.6175406871609403,0.6027044430135222,0.3074670571010249,0.7403846153846154
253,8,6.7,2.0,14.56,10.96,8.69,7.07,5.32,LU,0.29850746268656714,0.7527472527472527,0.8135788262370541,0.18248175182481752,0.46016483516483514,0.6450729927007299,0.5968406593406593,0.2828854314002829,0.7710011507479863
253,9,7.68,2.13,14.87,12.0,8.64,6.69,5.49,LU,0.27734375,0.8069939475453934,0.7743055555555556,0.1775,0.5164761264290518,0.5575,0.5810356422326833,0.3183856502242152,0.8888888888888888
253,10,6.82,2.12,14.54,10.83,8.92,6.54,5.31,LU,0.31085043988269795,0.7448418156808804,0.7331838565022422,0.19575253924284397,0.46905089408528206,0.6038781163434903,0.6134800550206327,0.32415902140672787,0.7645739910313901
253,11,6.36,2.2,12.43,10.13,7.54,6.07,5.45,LU,0.3459119496855346,0.8149637972646823,0.8050397877984086,0.21717670286278382,0.5116653258246179,0.5992102665350444,0.6065969428801288,0.3624382207578254,0.843501326259947
253,12,6.01,1.79,12.79,9.4,7.44,6.02,5.04,LU,0.2978369384359401,0.7349491790461299,0.8091397849462365,0.19042553191489361,0.4698983580922596,0.6404255319148936,0.5817044566067241,0.2973421926910299,0.8077956989247311
253,13,5.61,1.4,12.23,9.05,7.12,6.06,5.03,LU,0.249554367201426,0.7399836467702372,0.8511235955056179,0.15469613259668505,0.45870809484873265,0.6696132596685082,0.5821749795584628,0.23102310231023102,0.7879213483146068
253,14,5.53,1.47,12.12,8.99,6.96,6.01,5.16,LU,0.26582278481012656,0.7417491749174918,0.8635057471264368,0.16351501668520577,0.4562706270627063,0.6685205784204672,0.5742574257425743,0.24459234608985025,0.7945402298850575
253,15,5.15,1.41,11.08,8.3,6.63,5.45,4.88,LU,0.27378640776699026,0.7490974729241878,0.8220211161387633,0.16987951807228913,0.46480144404332135,0.6566265060240963,0.5983754512635379,0.2587155963302752,0.7767722473604827
253,16,5.16,1.48,10.86,8.42,6.74,5.58,4.85,LU,0.2868217054263566,0.7753222836095764,0.8278931750741839,0.17577197149643706,0.4751381215469614,0.66270783847981,0.6206261510128914,0.26523297491039427,0.7655786350148368
264,1,6.36,1.63,14.18,11.01,8.69,7.57,5.39,LU,0.25628930817610057,0.7764456981664316,0.8711162255466054,0.148047229791099,0.44851904090267986,0.6875567665758402,0.6128349788434414,0.2153236459709379,0.7318757192174914
276,5,6.76,1.62,14.76,10.53,8.75,6.63,5.3,LU,0.2396449704142012,0.7134146341463414,0.7577142857142857,0.15384615384615385,0.45799457994579945,0.6296296296296297,0.5928184281842819,0.24434389140271495,0.7725714285714286
276,6,6.45,1.81,14.17,10.59,8.27,6.59,5.28,LU,0.2806201550387597,0.7473535638673253,0.7968561064087062,0.17091595845136923,0.45518701482004237,0.6222851746931067,0.5836273817925194,0.27465857359635815,0.7799274486094318
276,7,5.97,1.69,13.46,9.82,7.92,6.2,5.31,LU,0.2830820770519263,0.7295690936106983,0.7828282828282829,0.1720977596741344,0.44353640416047546,0.6313645621181263,0.588410104011887,0.2725806451612903,0.7537878787878788
276,8,5.45,1.27,12.63,8.68,7.44,5.86,4.86,LU,0.2330275229357798,0.6872525732383213,0.7876344086021505,0.14631336405529954,0.43151227236737927,0.6751152073732719,0.5890736342042755,0.2167235494880546,0.7325268817204301
276,9,5.93,1.84,11.83,9.36,6.63,5.81,5.36,LU,0.31028667790893766,0.7912087912087912,0.8763197586726998,0.1965811965811966,0.5012679628064243,0.6207264957264957,0.5604395604395604,0.31669535283993117,0.894419306184012
291,3,5.39,1.6,12.29,9.19,7.99,6.51,4.39,LU,0.29684601113172543,0.7477624084621644,0.8147684605757196,0.17410228509249187,0.4385679414157852,0.7083786724700761,0.6501220504475184,0.24577572964669742,0.6745932415519399
294,1,6.71,1.92,13.91,10.24,7.46,6.39,4.04,LU,0.28614008941877794,0.7361610352264558,0.8565683646112601,0.1875,0.48238677210639824,0.6240234375,0.5363048166786485,0.3004694835680751,0.8994638069705094
294,2,5.87,2.08,12.61,10.34,7.91,6.61,4.3,LU,0.3543441226575809,0.8199841395717684,0.8356510745891277,0.20116054158607352,0.4655035685963521,0.6392649903288201,0.6272799365582871,0.3146747352496218,0.7420986093552465
318,9,6.25,2.02,12.75,9.7,7.82,5.6,5.18,LB,0.3232,0.7607843137254902,0.7161125319693094,0.20824742268041238,0.49019607843137253,0.577319587628866,0.6133333333333334,0.36071428571428577,0.79923273657289
318,10,6.0,1.63,12.85,10.18,7.25,6.35,5.13,LB,0.27166666666666667,0.7922178988326848,0.8758620689655172,0.16011787819253437,0.4669260700389105,0.6237721021611001,0.5642023346303502,0.2566929133858268,0.8275862068965517
318,11,6.52,1.91,13.86,10.77,7.76,6.73,5.2,LB,0.29294478527607365,0.7770562770562771,0.8672680412371134,0.17734447539461468,0.4704184704184704,0.6248839368616528,0.5598845598845599,0.2838038632986627,0.8402061855670103
318,12,4.2,1.2,9.16,7.05,4.79,4.72,4.39,LB,0.2857142857142857,0.769650655021834,0.9853862212943632,0.1702127659574468,0.4585152838427948,0.6695035460992907,0.5229257641921398,0.2542372881355932,0.8768267223382046
318,13,8.07,2.38,18.4,13.43,10.5,8.78,5.07,LB,0.2949194547707559,0.7298913043478261,0.8361904761904762,0.17721518987341772,0.4385869565217392,0.6537602382725242,0.5706521739130436,0.27107061503416857,0.7685714285714286
318,14,5.9,1.53,12.91,9.39,7.39,5.93,4.8,LB,0.25932203389830505,0.7273431448489543,0.8024357239512855,0.16293929712460062,0.45701006971340047,0.6315228966986155,0.5724244771494965,0.2580101180438449,0.7983761840324765
318,15,5.09,1.49,10.76,8.45,6.51,5.62,4.9,LU,0.2927308447937132,0.7853159851301115,0.8632872503840247,0.17633136094674556,0.47304832713754646,0.6650887573964498,0.6050185873605948,0.26512455516014233,0.7818740399385561
318,16,3.2,0.71,8.65,6.65,5.73,5.21,4.2,DU,0.221875,0.7687861271676301,0.9092495636998255,0.10676691729323307,0.3699421965317919,0.7834586466165413,0.6624277456647399,0.1362763915547025,0.5584642233856894
318,17,5.56,1.64,11.33,9.62,6.43,6.02,5.12,LB,0.2949640287769784,0.849073256840247,0.9362363919129082,0.1704781704781705,0.49073256840247126,0.6257796257796258,0.5675198587819946,0.2724252491694352,0.864696734059098
318,18,6.02,1.28,12.9,9.09,7.18,6.42,4.9,LB,0.212624584717608,0.7046511627906976,0.8941504178272981,0.1408140814081408,0.4666666666666666,0.7062706270627063,0.5565891472868216,0.19937694704049844,0.8384401114206128
318,19,4.69,1.57,10.94,8.61,6.49,5.81,4.5,LB,0.3347547974413646,0.7870201096892139,0.8952234206471493,0.1823461091753775,0.42870201096892147,0.6747967479674797,0.593235831809872,0.27022375215146305,0.7226502311248074
318,20,5.31,1.45,11.31,8.82,6.68,5.94,4.74,LB,0.2730696798493409,0.7798408488063661,0.8892215568862276,0.16439909297052152,0.4694960212201591,0.673469387755102,0.5906277630415561,0.24410774410774408,0.7949101796407185
318,21,4.28,1.2,9.89,7.88,5.97,5.51,4.34,LB,0.2803738317757009,0.7967644084934277,0.9229480737018425,0.15228426395939085,0.4327603640040445,0.699238578680203,0.6036400404448937,0.2177858439201452,0.7169179229480738
318,22,5.52,1.37,12.35,8.76,6.8,5.66,4.89,LB,0.2481884057971015,0.7093117408906883,0.8323529411764706,0.15639269406392695,0.4469635627530364,0.6461187214611872,0.5506072874493927,0.2420494699646643,0.8117647058823529
318,23,5.85,1.8,12.14,9.22,6.44,6.03,4.82,LB,0.3076923076923077,0.7594728171334432,0.9363354037267081,0.19522776572668113,0.48187808896210865,0.6540130151843817,0.5304777594728172,0.29850746268656714,0.9083850931677018
318,24,7.04,2.16,14.4,11.03,7.49,6.87,4.66,LB,0.3068181818181818,0.7659722222222222,0.9172229639519359,0.19582955575702632,0.4888888888888889,0.6228467815049864,0.5201388888888889,0.314410480349345,0.9399198931909212
318,25,5.59,1.57,12.29,8.61,6.83,5.34,4.89,LU,0.2808586762075134,0.7005695687550855,0.7818448023426061,0.1823461091753775,0.4548413344182262,0.6202090592334495,0.5557363710333605,0.2940074906367041,0.8184480234260615
318,26,3.49,0.95,8.7,6.26,4.97,4.65,4.16,LB,0.2722063037249283,0.7195402298850575,0.9356136820925555,0.15175718849840256,0.40114942528735636,0.7428115015974441,0.571264367816092,0.2043010752688172,0.7022132796780685
318,27,4.4,1.28,10.18,7.6,5.72,5.13,4.34,LB,0.2909090909090909,0.7465618860510805,0.8968531468531469,0.16842105263157897,0.4322200392927309,0.675,0.5618860510805501,0.24951267056530216,0.7692307692307693
320,8,7.2,2.08,15.0,10.76,8.43,6.45,5.3,LU,0.2888888888888889,0.7173333333333333,0.7651245551601424,0.19330855018587362,0.48000000000000004,0.5994423791821561,0.5619999999999999,0.32248062015503876,0.8540925266903915
320,9,6.62,2.02,13.93,10.83,8.26,6.15,5.31,LU,0.30513595166163143,0.7774587221823402,0.7445520581113803,0.18651892890120036,0.4752333094041637,0.5678670360110804,0.592964824120603,0.3284552845528455,0.801452784503632
320,10,6.37,2.09,13.32,9.83,7.71,5.57,5.17,LU,0.3281004709576138,0.7379879879879879,0.7224383916990921,0.2126144455747711,0.47822822822822825,0.5666327568667345,0.5788288288288288,0.3752244165170556,0.8261997405966278
320,11,6.02,1.68,12.85,9.18,7.42,5.59,5.32,LU,0.27906976744186046,0.7143968871595331,0.7533692722371967,0.1830065359477124,0.46848249027237354,0.6089324618736384,0.577431906614786,0.30053667262969586,0.8113207547169811
320,12,5.72,1.86,11.33,8.81,6.56,4.97,5.05,LU,0.3251748251748252,0.7775816416593117,0.7576219512195123,0.21112372304199772,0.5048543689320388,0.5641316685584562,0.5789938217122683,0.3742454728370222,0.8719512195121951
320,13,5.58,1.61,11.5,8.79,6.88,5.32,4.96,LU,0.2885304659498208,0.7643478260869564,0.7732558139534884,0.18316268486916953,0.4852173913043478,0.6052332195676906,0.5982608695652174,0.3026315789473684,0.811046511627907
320,14,6.99,2.06,14.48,10.5,8.45,6.62,5.24,LU,0.2947067238912732,0.7251381215469613,0.7834319526627219,0.1961904761904762,0.48273480662983426,0.6304761904761905,0.5835635359116021,0.311178247734139,0.8272189349112427
320,15,5.8,1.97,12.66,9.7,7.7,5.94,5.23,LU,0.3396551724137931,0.7661927330173774,0.7714285714285715,0.20309278350515464,0.45813586097946285,0.6123711340206186,0.608214849921011,0.33164983164983164,0.7532467532467532
320,16,7.94,2.9,16.35,12.77,9.4,7.44,5.23,LU,0.3652392947103274,0.7810397553516819,0.7914893617021277,0.22709475332811277,0.4856269113149847,0.5826155050900549,0.5749235474006116,0.3897849462365591,0.8446808510638298
320,17,6.25,1.76,13.0,10.33,7.61,6.24,5.16,LU,0.2816,0.7946153846153846,0.8199737187910644,0.17037754114230397,0.4807692307692308,0.6040658276863504,0.5853846153846154,0.28205128205128205,0.8212877792378449
320,18,6.07,1.92,12.57,9.71,7.5,5.76,5.25,LU,0.3163097199341021,0.7724741447891806,0.768,0.19773429454170954,0.4828957836117741,0.5932028836251286,0.5966587112171837,0.3333333333333333,0.8093333333333333
320,19,6.14,2.04,11.78,9.69,6.93,5.01,5.26,LU,0.33224755700325737,0.8225806451612904,0.7229437229437229,0.2105263157894737,0.5212224108658744,0.5170278637770898,0.5882852292020374,0.407185628742515,0.886002886002886
320,20,5.99,1.89,11.75,9.47,6.94,5.85,4.97,LU,0.3155258764607679,0.8059574468085107,0.8429394812680114,0.19957761351636746,0.5097872340425532,0.6177402323125659,0.5906382978723405,0.3230769230769231,0.8631123919308357
320,21,5.81,1.68,11.49,8.99,6.79,5.18,4.8,LU,0.2891566265060241,0.7824194952132288,0.7628865979381443,0.1868743047830923,0.5056570931244561,0.5761957730812013,0.5909486510008704,0.32432432432432434,0.8556701030927835
320,22,7.29,2.19,15.06,11.61,8.61,7.03,5.26,LU,0.3004115226337448,0.7709163346613546,0.8164924506387922,0.18863049095607234,0.4840637450199203,0.6055124892334195,0.5717131474103585,0.3115220483641536,0.8466898954703833
320,23,5.35,1.33,11.42,7.68,6.23,5.15,4.78,LB,0.24859813084112153,0.6725043782837128,0.826645264847512,0.17317708333333334,0.46847635726795095,0.6705729166666667,0.5455341506129597,0.258252427184466,0.8587479935794541
320,24,5.34,1.48,11.43,8.83,7.06,5.44,4.84,LU,0.27715355805243447,0.7725284339457568,0.7705382436260624,0.16761041902604756,0.4671916010498688,0.6160815402038505,0.6176727909011374,0.27205882352941174,0.7563739376770539
320,25,6.02,2.32,11.28,9.42,6.02,5.53,5.17,LU,0.3853820598006645,0.8351063829787234,0.9186046511627908,0.2462845010615711,0.5336879432624113,0.5870488322717622,0.5336879432624113,0.4195298372513562,1.0
320,26,6.32,2.11,12.01,9.41,7.11,5.63,5.04,LU,0.33386075949367083,0.7835137385512073,0.7918424753867791,0.22422954303931986,0.5262281432139884,0.5982996811902231,0.592006661115737,0.3747779751332149,0.8888888888888888
320,27,4.97,1.27,10.56,8.0,6.83,5.29,4.72,LU,0.25553319919517103,0.7575757575757576,0.7745241581259151,0.15875,0.47064393939393934,0.66125,0.646780303030303,0.24007561436672967,0.7276720351390922
352,1,6.87,1.85,14.78,10.92,8.81,6.82,5.25,LU,0.26928675400291124,0.7388362652232747,0.7741203178206584,0.16941391941391942,0.4648173207036536,0.6245421245421245,0.5960757780784846,0.27126099706744866,0.7797956867196367
355,1,7.28,2.07,15.85,11.33,8.84,7.22,5.65,LB,0.28434065934065933,0.714826498422713,0.8167420814479638,0.18270079435127978,0.4593059936908518,0.6372462488967343,0.5577287066246057,0.2867036011080332,0.823529411764706
355,2,7.11,2.22,14.59,11.23,7.5,6.64,5.66,LU,0.31223628691983124,0.7697052775873887,0.8853333333333333,0.19768477292965272,0.4873200822481152,0.5912733748886909,0.5140507196710076,0.3343373493975904,0.9480000000000001
355,3,5.71,1.56,11.81,9.04,6.45,5.76,4.93,LU,0.27320490367775835,0.7654530059271802,0.8930232558139535,0.17256637168141595,0.48348856900931414,0.6371681415929203,0.54614733276884,0.27083333333333337,0.8852713178294573
355,4,6.42,1.93,12.87,9.59,7.21,5.63,5.44,LB,0.30062305295950154,0.7451437451437452,0.7808599167822469,0.20125130344108447,0.4988344988344989,0.5870698644421272,0.5602175602175602,0.3428063943161634,0.8904299583911235
355,5,5.04,1.27,10.7,7.49,5.64,5.04,4.75,LU,0.251984126984127,0.7000000000000001,0.8936170212765958,0.16955941255006676,0.4710280373831776,0.6728971962616822,0.5271028037383177,0.251984126984127,0.8936170212765958
359,12,7.12,1.9,15.37,10.94,9.33,7.22,5.4,LU,0.26685393258426965,0.7117761873780091,0.7738478027867095,0.1736745886654479,0.4632400780741705,0.659963436928702,0.6070266753415745,0.2631578947368421,0.7631296891747053
359,13,6.81,1.9,14.05,10.31,8.41,6.23,5.28,LU,0.2790014684287812,0.7338078291814947,0.7407847800237812,0.18428709990300676,0.4846975088967971,0.6042677012609118,0.598576512455516,0.304975922953451,0.8097502972651605
359,14,7.03,2.29,14.17,11.13,8.03,6.91,5.55,LU,0.3257467994310099,0.7854622441778406,0.8605230386052305,0.20575022461814912,0.49611856033874385,0.6208445642407906,0.5666901905434015,0.3314037626628075,0.87546699875467
359,15,5.96,1.66,12.72,9.33,7.33,6.15,5.25,LU,0.2785234899328859,0.7334905660377358,0.8390177353342428,0.17792068595927116,0.4685534591194968,0.6591639871382637,0.5762578616352201,0.26991869918699185,0.8130968622100955
359,16,6.5,2.04,12.56,10.04,7.56,6.13,5.29,LU,0.31384615384615383,0.7993630573248407,0.8108465608465609,0.20318725099601595,0.5175159235668789,0.6105577689243028,0.6019108280254777,0.33278955954323003,0.8597883597883599
385,1,6.28,1.67,13.96,9.83,7.64,6.05,5.02,LB,0.2659235668789809,0.7041547277936963,0.7918848167539267,0.1698880976602238,0.4498567335243553,0.6154628687690742,0.5472779369627506,0.27603305785123966,0.8219895287958116
385,2,7.31,2.1,14.97,11.22,8.93,6.47,5.33,LB,0.2872777017783858,0.749498997995992,0.7245240761478163,0.18716577540106952,0.4883099532398129,0.5766488413547236,0.5965263861055444,0.32457496136012365,0.818589025755879
385,3,6.09,1.39,14.11,9.45,8.02,6.13,5.08,LB,0.22824302134646962,0.6697377746279234,0.7643391521197008,0.1470899470899471,0.4316087880935507,0.6486772486772487,0.5683912119064494,0.22675367047308317,0.759351620947631
385,4,6.26,1.61,12.78,9.81,7.3,6.32,5.29,LB,0.2571884984025559,0.767605633802817,0.8657534246575344,0.16411824668705402,0.48982785602503914,0.6442405708460754,0.5712050078247262,0.254746835443038,0.8575342465753425
385,5,6.24,1.53,14.42,9.87,8.51,6.62,5.2,LB,0.24519230769230768,0.6844660194174756,0.7779083431257344,0.15501519756838908,0.4327323162274619,0.6707193515704155,0.5901525658807212,0.2311178247734139,0.7332549941245594
385,6,5.4,1.19,12.03,8.84,6.99,5.96,4.88,LB,0.22037037037037036,0.7348295926849543,0.8526466380543634,0.1346153846153846,0.44887780548628436,0.6742081447963801,0.5810473815461347,0.19966442953020133,0.7725321888412018
385,7,6.41,1.73,13.91,10.32,8.27,6.51,5.33,LU,0.2698907956318253,0.7419122933141625,0.7871825876662636,0.16763565891472867,0.4608195542774982,0.6308139534883721,0.5945363048166786,0.2657450076804916,0.7750906892382105
385,8,6.19,1.81,12.47,9.53,7.11,5.73,5.21,LU,0.2924071082390953,0.7642341619887729,0.8059071729957806,0.18992654774396645,0.4963913392141139,0.6012591815320043,0.570168404170008,0.3158813263525305,0.870604781997187
385,9,6.75,2.01,13.59,10.1,7.75,5.45,5.31,LB,0.29777777777777775,0.7431935246504783,0.7032258064516129,0.199009900990099,0.4966887417218543,0.5396039603960396,0.5702722590139808,0.36880733944954125,0.8709677419354839
385,11,7.44,2.12,14.61,10.92,8.29,6.29,5.45,LB,0.2849462365591398,0.7474332648870636,0.7587454764776841,0.19413919413919414,0.5092402464065708,0.576007326007326,0.567419575633128,0.3370429252782194,0.8974668275030159
385,12,6.91,1.69,15.92,11.29,9.62,7.36,5.19,LU,0.24457308248914617,0.7091708542713567,0.7650727650727651,0.1496899911426041,0.43404522613065327,0.6519043401240037,0.6042713567839195,0.2296195652173913,0.7182952182952184
385,17,7.17,1.81,14.56,10.53,8.21,6.46,5.24,LU,0.2524407252440725,0.7232142857142857,0.786845310596833,0.17188983855650525,0.4924450549450549,0.6134852801519468,0.5638736263736264,0.2801857585139319,0.8733252131546893
385,18,6.17,1.69,12.69,9.33,7.36,5.68,5.13,LU,0.2739059967585089,0.7352245862884161,0.7717391304347825,0.18113612004287244,0.4862096138691884,0.6087888531618435,0.5799842395587077,0.2975352112676056,0.8383152173913043
385,19,6.11,1.77,13.47,9.63,8.01,5.53,5.4,LU,0.2896890343698854,0.7149220489977729,0.6903870162297129,0.1838006230529595,0.45360059391239793,0.5742471443406023,0.5946547884187082,0.32007233273056057,0.7627965043695382
385,20,6.29,1.84,13.13,9.87,7.61,5.83,4.98,LU,0.29252782193958665,0.7517136329017516,0.7660972404730617,0.18642350557244178,0.47905559786747903,0.590678824721378,0.5795887281035795,0.3156089193825043,0.8265440210249672
385,21,4.91,1.23,10.81,8.03,6.75,5.13,4.81,LU,0.2505091649694501,0.7428307123034227,0.76,0.15317559153175592,0.45420906567992597,0.638854296388543,0.6244218316373727,0.23976608187134504,0.7274074074074074
385,22,5.22,1.45,11.11,8.0,6.3,4.69,4.97,DU,0.2777777777777778,0.7200720072007201,0.7444444444444446,0.18125,0.46984698469846986,0.58625,0.5670567056705671,0.30916844349680167,0.8285714285714285
394,3,5.22,2.43,17.02,12.8,10.13,8.11,5.22,LU,0.4655172413793104,0.7520564042303174,0.8005923000987165,0.18984375,0.30669800235017625,0.63359375,0.5951821386603996,0.29963008631319366,0.5153010858835142
394,4,6.15,1.59,13.22,10.31,7.65,7.1,4.75,LU,0.25853658536585367,0.7798789712556732,0.9281045751633986,0.1542192046556741,0.46520423600605143,0.6886517943743937,0.5786686838124054,0.22394366197183102,0.803921568627451
394,5,5.18,1.3,12.2,9.33,7.5,6.76,4.65,LB,0.25096525096525096,0.7647540983606558,0.9013333333333333,0.13933547695605575,0.4245901639344262,0.7245444801714898,0.6147540983606558,0.19230769230769232,0.6906666666666667
404,2,7.06,1.59,16.32,11.73,9.33,8.16,5.26,LU,0.22521246458923516,0.71875,0.8745980707395499,0.13554987212276215,0.43259803921568624,0.6956521739130435,0.5716911764705882,0.1948529411764706,0.7566988210075026
404,3,7.13,1.51,16.42,11.22,9.46,7.47,4.91,LU,0.211781206171108,0.6833130328867235,0.7896405919661733,0.13458110516934046,0.4342265529841656,0.6657754010695186,0.5761266747868453,0.20214190093708168,0.7536997885835094
404,4,6.6,1.81,14.17,10.67,8.28,6.71,5.16,LB,0.2742424242424243,0.7529992942836979,0.8103864734299517,0.1696344892221181,0.465772759350741,0.6288659793814433,0.5843330980945659,0.26974664679582716,0.7971014492753623
